"","num","title","content"
"1",18386,"너네는 몇번 안본 사람이 ","선톡 걸어서 보자하면 무슨생각 들어? 그렇게 해볼까 하는데내가 낯가려서 좀 무서워 ㅜㅜ"
"2",18390,"니들 왤캐눈치를자꾸봄?","내주위에엔프제들은 다그러네 눈깔이가 막 수시로 굴러댕기고 막 힐끔힐끔쳐다봄 "
"3",18391,"엔프제남 선물","엔프제 남 짝사랑 중인 잉뿌삐인데 최근에 운동을 시작했다해서 런닝화 선물로 주고싶은데 부담스러워 하겠지? ㅋㅋㅋ… 참고로 썸타는사이도 절대 아닌 직장에서 사람대 사람으로써 의지하고 있는 사이임"
"4",18393,"엔프제들 중에 불안형 애착유형 많음..???","이제 막 연애시작한 남친이살갑고 발도 넓고 친구들도 많거든! 외향적이고근데 성인 애착유형 검사에서불안이 엄청 높게 나오더라불안정애착(저항)  자기부정 타인긍정 나왔어겉이랑 감춰진 속 마음은 또 다른건가?너무 의외라 물어봐연애 초반이라 남친이 무슨 생각인지, 내가 뭘 해주면 좋아하는지나를 어떤 마음으로 만나는지모든게 다 궁금한데.. 이런거 다 물어보면엔프제 남친이 질려할까? "
"5",18394,"엔프제가 한국에서 살아남으려면 estp와 enfj 사이에 있어야함","어쩔수없음..순수 엔프제는 진짜 환경빨이 엄청나줘야 만들어질듯.."
"6",18395,"참 세상 신기해","최근에 부모님께서 MBTI검사 해보셨는데아버지:ENFJ어머니:ENFJ나:엥뿌삐가정이 화목한 이유는 다양하겠지만 MBTI로 종결합니다명절때 마다 나랑 제일 재밌게 놀았던 사촌동생 :ENFJ마지막으로 내가 짝사랑한 사람: ENFJ"
"7",18397,"엔프제남 말없을때는 왜임?","회사에 엔프제남 평소에 말많을때는 완전 많고, 외향적 사교적이든데왜 요즘은 말이 없더라?왜지? 기분 안좋은가? 기분 안좋은건 모르겠고 조용해짐솔직히 이거 내가왜 신경쓰이냐면요...나를 좋아하는거 같은데.  그래서 신경쓰임."
"8",18399,"너네가 호감있는 사람이 스며드는거랑 적극적인거 뭐가 더 좋냐","이건 걍 사람마다 다르려나??"
"9",18403,"엔프제랑 잇프피랑 잘맞다는데 공감가냐?","난 아닌거 같은데 "
"10",18405,"너네 엣팁 어떻게 생각해?","친구/이성으로 어때"
"11",18408,"외롭지만 사람을 만나긴 싫어","정신병이야 나"
"12",18409,"썸타는 사이도 아닌데 인생네컷 ㄱㄴ?","친한직장남자동료가 엔프제인데 썸타는 사이 아니지만 인생네컷 ㄱㄴ??"
"13",18410,"인팁아 보고싶다","보구시퍼"
"14",18412,"연애.. 해보고싶다...","이번생은 글렀남.."
"15",18413,"내가아는 Enfj 특인데","기억력은조아가지고 내가싫어하는거 좋아하는거 다기억하고너 ~싫어하잖아 ~하는거좋아하잖아 맨날그럼 킹받네진짜관심좀꺼줘 ㅈㅂ!!!!!!!!!! 첨엔 나한테관심잇는줄착각함ㅋ"
"16",18415,"엔프제는 이별하면","인스타 언팔하고 번삭하고 카카오톡 다 자우고 몇개월후에 다시 카톡친구 등록 하는 이유가 모야??"
"17",18416,"엔프제 선물 미쳤음;;","본인 잇팁 "
"18",18417,"소중한 사람이라는 말 들었는데 친해진 거 맞나!","엔프제랑 알고 지낸 지 4개월 정도 됐는데, 취향이나 관심사도 엄청 잘 맞고, 말도 잘 통해서 둘이 자주 만나거나 통화도 밤늦게까지 하기도 하고 그랬어!카톡은… 친해지던 초반에는 답장도 상대적으로 빠르고 밤늦게도 답장 오고 했는데, 지금은 어느정도 친해져서 그런 지 얘가 바쁘기도 하고 폰을 자주 들여다보는 편이 아니라서 텀이 좀 길어지긴 했는데... 그래도 얼굴 보고 만나면 엄청 잘놀기는 해! (본인 피셜, 연락에 큰 의미를 안 둔다고…)얘가 바쁘고 지인이 많아서 따로 약속 잡으려면 힘들기는 한데, 퇴근하거나 수업 끝나고 자투리 시간에 볼 수 있냐고 하면 쉬이 시간을 내주더라구ㅠㅜ 고맙기는 한데 부담스러운 건 아닐까 걱정이긴 한데...근데 얼마 전에 같이 하던 프로젝트 하나가 끝나서 통화 하는데, 얘가 엔프제 배려나 호의로 하는 말이 아니라 진심으로 나를 소중한 친구라고 생각한다고 하더라구! 원래는 자기 이야기 많이 하는 편은 아닌데 나는 뭔가 편해서 이야기를 하게 되기도 한다고 하고…내가 불안형이라서, 저런 이야기를 들어도 그냥 듣기 좋으라고 해주는 말이 아닐지, 사실은 내가 부담스러운 건 아닐지, 내가 친하다고 생각하는 만큼 쟤는 생각하지 않는 건 아닐지 엄청 걱정하거든…저렇게까지 말해 줬으면 이제는 그냥 신뢰해도 되는 거겠지??(참고로 이성이기는 한데 이성적인 감정은 하나도 없고 진짜 친구사이야!)"
"19",18419,"어제 엔프제 여자친구랑 헤어졌는데 지금 만날 수 있냐고 전화해도 되냐","하다하다 mbti갤까지 들어오네나를 너무 좋아하는데 피드백이 안와서 미래를 생각하면 너무 외로울거같대헤어져도 나는 아무 타격 없이 똑같이 살거같대나 지금 죽을거같은데"
"20",18420,"엔프제가 만든 음악 앨범 하나 들어봐줄래..? Vol.3",""
"21",18422,"엔프제들아 어떤 이별통보가 가장 괜찮았어?","왜 이렇게 착하고 나만 바라봐주는 거야 "
"22",18423,"키 182에 77키로인데 모솔임 이유가무ㅠ냐?","얼굴은 그냥 남자들사이에서 잘생겼다 존잘얘기나온적도있고 여자한테 최우식닮았다 얘기들은적 있음 나도 내얼굴을 모르겠음  "
"23",18424,"카톡 프로필뮤직","의미 있어 없어 엔프제? ??노래가 거의 발라드에 이별유형 노래네"
"24",18425,"엔프제 님들 도움 좀요","님들 선물로 종이학 천 마리 받으면 어때요"
"25",18426,"나 엔프제녀인데 인프제남한테 어장당했어...","SNS에 여자랑 둘이 있는 사진 실시간으로 올라왔더라...?그 여자도 물고긴진 모르겠지만 어쨌건 속상해.난 나 여자로 안보는 남자 칼같이 자르는 편인데이 분노는 어떻게 해야할까...? 뭐하면 화가 좀 풀릴까 애들아"
"26",18427,"너네 더블데이트 좋아해?","난 I 성향인데더블데이트때문에 지치는거 같아내가 기다리는 입장이기도하고다눌이 아닌 둘을 더 만나서 연애에 집중이 안되고 있기도 해서 그만하고 싶다 "
"27",18429,"엔프제","모두한테 친절하고 상냥한거맞지? 나한테만 잘해주는거처엄ㅁ 말해도 모두에게 잘해주몀서 그런 말하는거지?"
"28",18430,"여기념글보고","엔프제남과거리두기로했다"
"29",18432,"엔프제 인형 같은거 좋아해?","바디필로우 인형 선물해줄까 하는데 "
"30",18434,"엔프제 눈맞춤 잘해?","상대가 나한테 호감있어보이는데 유독 눈을 잘 안마주쳐 ㅜㅜ 나는 호감있으면 계속 뚫어죠라 쳐다보는 버릇이 있는데 볼때마다 시선이 다른곳에 가 있더라... 우에에앵 mbti가 중요한건 아니지만 보통 호감있으면 쳐다보지 않냐구ㅜ 나 또 어장에 물고기...?"
"31",18435,"너희 책 많이 읽니","뭔가..나약함에 대해 자기고백식으로 풀어낸.. 담담한 소설같은게 읽고싶다 그런거없을까나약함을 인정할수가 없어서 괴로워지는 요즘이야"
"32",18436,"너네는 약속은 어떻게 잡아야해??","어떤날은 새벽에 5시간 정도 카톡 할때도 있고 어떤날은 답장 텀 2시간에 질문도 없고 답만 받고 끝날때도 있거든 아직 소개만 받고 얼굴 본적은 없어서 전화로 약속라듀 잡고싶은데 뭐라고 약속 잡아야할까 그리고 너네는 전화 하는거 싫어해?? 하자고하면 거부 할려나"
"33",18438,"이상형이 마음 잘 맞는 사람...에 적당한 외모..","면 눈이 높은거임..?마음 잘 맞는 사람은 원래 없나?"
"34",18440,"외로워요 흑흑","ㅠㅠ"
"35",18442,"술마시구 안마시구 둘다  이거나옴 ㅋㅋ ","ㅎㅎ 다른사람에게 상처잘주지두받지두않는듯먼저다가오면 더잘해줌"
"36",18443,"너네들도 인연 소중히 여기는데 상대방이 손절하면","ㅇㅇ ㅋㅋ  ㅅㄱ  이렇게 편히 보내냐?"
"37",18444,"엔프제랑 결혼하면","결혼할 계획인 남친이 엔프젠데 진짜 엔프제 장점 그대로 다 가진 천상 엔프제야애교도 진짜 나보다 더많구 수다떠는거 세상 좋아하는 댕댕이 그자체거든근데 자기 부모님한테는 진짜 무뚝뚝하더라고 큰일 아니면 이것저것 다 말하는 스타일도 아니고..부모님도 담백무뚝뚝한 편이시긴 해!나는 내가 애교도 부리고 하니까 쌍방으로 그런건가 싶기도 한데부모님한테 하는게 결혼하고 나서 내가 볼 모습이란 말도 있잖아혹시 여친or아내와 부모님은 또 달라?결혼한 엔프제들 아님 엔프제랑 결혼한 사람 있으면 알려주라 궁금해서!"
"38",18446,"무리에서 내가 소외된것처럼 보였나봐","평상시 말투 걸걸한거 다 아는데 착한말투로 바꿔서 굳이 말건다난 오히려 나 빼고 지들끼리 대화할때 안도감 느끼는데..제발 말걸지마 불편하고 부담스러워ㅜㅜ"
"39",18447,"엔프제 관찰일지","엔프제는 소양인체질 이다8체질로 토음인 이다.  위장과 폐기운이 강하다그래서 폐기운으로 두뇌가 잘돌아가고 말을 빨리많이할수있다양인 체질이라서 성격이 급하지만, 폐기운으로 참을수 있는 끈기도있다얼굴이 잘붉어진다. 그것은 양인체질이라서 그렇다.소양인의 특징은 이렇다. 겉은밝지만 속은 어둡다.무슨말이냐면, 겉으로는 쾌활하고 긍정적인 말을하지만,속마음은 어둡고 부정적인 걱정이 계속된다.소양인은 급한성격을 잘다스리는것이 관건이다약물부작용과 알러지가 많은체질이다"
"40",18449,"화난게 쌓여서 얘기했더니 자긴 그런적이 없대","그래서 닌 3주전 점심 뭐먹었는지 아냐고 얘기했더니 "
"41",18450,"엔프제 썸녀있는데 ","썸인지 어장인지 모르겠어서 여기에 적어봄"
"42",18451,"엔프제들아 진심과 인사치레 구분해줘","다음에 한번 봐요~ 하고 구체적인 약속은 안 잡으면 인사치레니?관심 가는 엔프제한테 생일선물 주고 몇번 디엠으로 연락했었는데두번씩이나 시간 될때 봐요~ 하고 절대 구체적인 약속은 안잡네ㅎㅎ그 중 한번은 내가 조만간 꼭 봐요 라고 했는데도 그랬어넘 슬프다.........."
"43",18452,"엔프제남과거리두기1일차","일단 개같이 실패함"
"44",18453,"엔프제남이랑 사귀게 됐는데","내가 사귀고 마음 열면 진짜 다 퍼주거든그 사람 생각하면서 하나하나 다 기억하고 영양제도 챙겨주고카톡 프사나 노래도 다 그 사람 위주고오늘도 만나기로 했는데 요즘 목이 아프고 피곤하다고 해서 피로회복제랑 프로폴리스 주려고 하는데 참고로 나는 infj 야내가 힘들때 댕댕이같이 다가와주고 내 이상형이라서나는 한번 마음열면 후회없이 다 해주고 싶어해서..뭐 줄때마다 진짜 고마워하고 좋아하긴 하는데너무 부담스러워 하지는 않나? 싶기도 해근데 좋아하는거 같긴 하고..나는 다주고 싶고 표현하고 싶은데질리지는 않을까 싶기도 하고다른 엔프제남들은 어때?"
"45",18457,"결혼하실 여성분 구해요@@@","잘해줄게@@"
"46",18458,"엔팁 어떻게 생각함? 잘생긴 엔팁남자","엔프제 성격 좋더라"
"47",18459,"호감있는 엔프제남 앞에서 삐걱삐걱댔는데 눈치챘겠지ㅠ","원래는 누구한테나 뻔뻔하게 말 잘 걸고 스몰톡 잘하는 성격인데"
"48",18462,"진짜 어렵다 잇팁 초고난이도다","얘가 먼저 신호 주길래 나도 풀악셀 밟을라했는데 여태 만났던 사람들중에 제일 고난이도야"
"49",18464,"얘 나 좋아하는거 맞니??","싸울때 마다 하는 말이 너가 기분 나쁜 그 감정에 대해서 미안하지만 그 행동이 잘못된건지는 모르겠대오늘은 관계하다가 핸드폰을 슬쩍 보는거야..그런데도 그 행동이 그렇게 내가 뭐라할만큼 잘못된건지 모르겠다고 하더라..그렇게 싸우고 술자리를 같이 갔는데 내가 먼저 자리를 뜬 순간에도 눈길 한번 안주고 연락 한통 없더라평소에 애교 많고 표현 잘하고 다 좋은데싸울때면 완전 다른 사람인거 같아특히 오늘은 너무 상처였어나 좋아하는거 맞아? 그저 사람을 좋아하는데 내가 걸린거고 나는 다른 이성으로도 대체될만한 사람처럼 생각돼"
"50",18465,"enfj 원래 이래?","남친 요즘 너무 우울해보여서 얘기해봤는데 대답 안해주니까답답하네... 원래 enfj는 고민 생기면 말 잘 안해?위로해주고 싶은데 벽느껴져서 솔직히 조금 서운함"
"51",18469,"엔프제가 말 안하는 고민은 보통 그냥","남들때문에 짜증나는 일인 경우가 많은듯..??답답한거 알지 아는데..내 기분 풀겠다고 남 뒷담화 까는걸 못하겠음..병신인거알아 나도.. ㅠㅠ"
"52",18473,"엔프제랑 엔팁 잘맞음?","ㅇㅇ? "
"53",18475,"엔프제들아 너희 어디가야 만나니..","나도 엔프제인데 내 친구들 어디가야 만나는거야.."
"54",18476,"이거 어떻게 해석해야해??","보통 서로 재밋어서 새벽까지 카톡하고 그러거든 한번 전화하면 2시간은 기본이거나 카톡하면 7시간 할때도 있어 그렇게 서로 막 이야기하다가도 약속 잡고 만날려고하면 다른 약속 있어서 안된다고 그러거든??이게 까인게 2번째라 뭐야?? 나 어장당하는거야???"
"55",18479,"엔프제 보통 호감있는 사람한테","떠보는 편임?직진하는 편임?"
"56",18482,"엔프제가 특별한관계같다고 하는거 좋은거지?","직장동료사이고 진지하고 딥한얘기도 하고 장난도치고하는데 "
"57",18484,"엔프제 선물 받는거 좋아함??","친한직장동료 사이인데 내가 짝사랑중임 이번에 헬스 시작했다고 해서 부담스럽지 않게 텀블러 선물 해주려는데 좋아할라나…이거 가지고 좋아하는거 티날라나 ㅋㅋㅋㅋㅋㅋ"
"58",18486,"엔프제=덴마크, 인프제=핀란드, 엔팁=프랑스","인팁=러시아인프피=일본너희는 이에 대해 어떻게 생각함?"
"59",18487,"친구같은 남자 좋아하는 여자는 별로 없지??","모솔아다 특이 여자를 너무 의식해서 여자를 사람으로 봐라 라는 조언도 보이곤하는데ㅅㅂ 난 여자를 너무 여자로 안봐서 모솔임그냥 같이 손잡고 여행이나 다니고싶은데그래서 내가 남자로 안느겨지나봐 생긴것도 남자같이 안생겻는데"
"60",18488,"인문학 강의나 인간관계 심리학 강의 같은거 자주봐 난","누굴 만나던 좋은 관계를 유지하고 싶고"
"61",18489,"애인한테 이런말 들으면 어때?","사랑해처럼 자주하는 말은 아니야“너밖에 없어” 라는말! 어때?ㅎㅎ"
"62",18490,"너네는 인류애 사라질때 어떻게 하는편이야?","요즘 많이 힘들어서 불교방송이나 스님들 말 들으면어 자아성찰 하고있는데 더 좋은방법있어?"
"63",18491,"나는 스트레스 받을떄마다..","현실감각이 떨어지는것 같다..이럴떄  감정기복이 심해서 본의 아니게 남 한테 히스테릭 부린다거나어떠한 실수를 해서 피해줄때가 너무 많음 너희들은 어때? "
"64",18492,"엔프젠가","마인드카패"
"65",18494,"T 소리 많이 듣는 엔프제 있냐","난 mbti 해서 enfj가 아니였던 적이 없는데요즘 맨날 듣는 소리가 '너 T야?' 이거임물론 f랑 t랑 반반이긴 한데 직장생활하면서 가끔 나도 t스러운 내면을 볼 때가 있긴 해예를 들면 a가 '나 수술해서 괜찮으면 참석하고 상태 안 좋으면 못 갈듯 ㅠ' 라고 했는데난 거기에서 '무슨 수술? 언제인데?'이렇게 물었고 다른 친구는 '헐 괜찮아?' 이렇게 묻더라 ㅋㅋㅋㅋ여기에서 난 역시 t라며 친구들의 추궁이 시작됐고 ㅋㅋㅋㅋ그냥 내가 f랑 t랑 반반이여서 그런건가 ㅋㅋㅋ근데 또 생각해보니 약간 선택적 t같기도 하고이성적 호감 있는 사람한테는 무한 f가 되긴 해"
"66",18495,"ISTJ였는데 점점더 ENFJ스럽게바뀜","원래 I E , F T반반인 ISTJ였는데I E, T F 반반인 ENFJ로 바꼈는데오늘해보니까 E N F J 수치 다 더오름J는 90이였는데 99로올랐네 ㅋㅋ;"
"67",18496,"항상 선물같은거 할때마다 너무 과한거같다...","연애할때도 그렇고 지금 썸? 타는건지 아닌건지 모르겠는데진짜 생일선물 하나만 준비했다가 막상 줄때 보니 난잡하게 바리바리줬네...괜히 티내고싶어서 썸녀한테 꽃이랑 좋아하는거랑 이것저것 난잡하게 줘버렸다...엄청 좋아해줘서 기분좋았는데 부담스럽게 안느껴졌음 좋겠네 ㅠㅠ칭구들은 이런 과한선물 하는편이니..?"
"68",18497,"이갤은 다들 말을 이쁘게해줘서 좋음..","여기와서 세상에 이런 천사들이 있다니 하면서 감동의 눈물 흘리면서 갤함 "
"69",18498,"오늘 보기로 했는데 갑자기 차단당했어","어제는 오늘 일끝나고 얼굴 보자고 서로 좋아했었는데  "
"70",18500,"엔프제들 에니어그램 멀루나옴?","궁예로 보자면 7번일꺼같은데?7번이 부정적감정 안느끼고 좋은것만 보려하잖아1번 유형으로 하기엔 널널한느낌이고,2번유형은 그럴수도있겠다. 도와주는사람ㅇㅇ3번,8번은 화난사람들이라서 아닐꺼같고..."
"71",18507,"남자친구 수염","사귄지 100일도 안됨!!! 아니 얘가 수염을 안 미나봐수염이 입꼬리쪽에만 야비한 내시마냥 삐죽빼죽 나서 밀라 하고 싶은데머라 말해야 상처 안받아?? 꾸밀 줄을 몰라서 나랑 첫 데이트 때도 츄리닝바지 입고 온다 한 거 내가 뭐 입고 오라고 하나하나 골라줌"
"72",18511,"능력없는 남자인데 헤어져야할까??"," 28살이고 취준생인데 아직 차도 없어서 여행도 제대로 못가고 데이트도 잘못하는데 내가 갖고있는 선에서는 최선을 다해도 여자친구(enfj)가 항상 웃으면서 다가와주니까 너무 미안해"
"73",18512,"엔프제들 감정으로 거짓말하는경우 있어?","사귀고있는 오빠가 엔프젠데"
"74",18513,"엔프제들은 어떤거에 기뻐해?","다 해주고싶어"
"75",18515,"엔프제들 프사뮤직 의미있어?","보통 감정상태나 하고싶은말? 이런거 프뮤로 해놔? "
"76",18516,"세상엔 사랑이 있어야해","여기 오는 사람들 전부 내가 사랑해"
"77",18517,"엔프제들아 질문","내 엔프제 전여친이1. 그냥 존나 감정적임 자기 화나면 감정 쏟아 붓고 나중에 미안하다고 함 그거 땜에 말 ㅈㄴ 심하게해서 헤어진적 있움2. 집착 개심함 20분 넘어가면 ㅈㄴ 머라함3. 솔직하다면서 전애인들 얘기도 ㅈㄴ 자세하게 함4. 받는거 존나 당연하게 생각함 심지어 해줘도 화낸적 있음5. 헤어진 지금 나랑 사귄것도 모르는 사람들한테 (여자애들 특히) 나랑 사겼다가 헤어진거 다 말하고 다님 헤어진 썰도 푼것같은데 그건 잘모름6. ㅈㄴ 회피형 관계에 있어 진지한 얘기하려고 하면 도망감7. 내가 사과하거나 굽히는 상황 생기면 바로 갑질 하려함8. 대가리 꽃밭 생각이 거의 없이 살음이게 엔프제 특징이냐? 걔보면 속이 울렁거림"
"78",18520,"엔프제녀들아 너희는 몸좋고 싸움잘하는 남자 보면","이성적인 호감이 느껴져?근육질의 다부진 몸에 싸움을 잘하는 그런 남자 말이야"
"79",18523,"내가 맘에 안들면 그만 연락해도 돼 이런식으로 보내면 어떰?","맘에 드는 사람이 있어서 연락 몆 번 주고 받았는데 "
"80",18524,"갑자기 잠수타고 싶어지고 사람들이랑 연락 서서히 끊을때 있어?","나 엔프제라서 사람 좋아하는데 자주는 아니지만 한번씩 저런 순간이 오네"
"81",18526,"엔프제 질투있음?","예를들어 회사에 이쁘고 잘생긴 동성보면질투같은 감정느낌?인류애가 있는데도 질투있음?"
"82",18528,"솔로인사람","어디야?뭐하고있어?잘 지내고있어?술 너무 많이 마시지말구담배 다시 피는건 아니지?내 X가 이렇게 생각하고 있다고 생각하면더 보고싶어짐 ㅅㅂ ㅈ됏음"
"83",18529,"난 커플들 말고는 질투를 느끼지안아","커플들 다 주거쓰면 ㅎㅎㅎㅎ"
"84",18531,"나는 내가 엔프제지만 삐걱 뚝딱 이게 뭔 말인지 도통 모르겠다","아 배고파"
"85",18532,"나 INTJ인데","나랑 너무 잘 맞는 친구가 ENFJ임. 궁합 최고인 듯."
"86",18533,"짝사랑하는 엔프제 상대가 일기 쓴다길래 나도 일기장 삼ㅎㅎ","잇팁이고 뭐부터 쓸까"
"87",18536,"엔프제들 은근 소심하고","방어기제있는거 같던데 맞나요??"
"88",18537,"엔프제 남자는 편한사람 앞에서 욕도 자주 씀??","편한 여자 앞에서 막 욕도 함?? 장난도 치고 뻐큐도 날리고"
"89",18539,"앞으로 바빠질거같다고 하는건 선긋는거임??","카톡 새벽까지 잘하고 매일 통화하고 만나면 서로 대화도 잘통하고 헤어지기 아쉬워하는데 항상 앞으로 일도하고 공부때문에 연락 잘 안될수도 있다고 언급하는데 이거 선긋는거야??"
"90",18540,"이게 나 혼자 그냥 불안해 하는 걸까? 제발 도와줭ㅠㅜ","소중한 사람이라는 말 들었는데 친해진 거 맞나! nbsp;- ENFJ 마이너 갤러리엔프제랑 알고 지낸 지 4개월 정도 됐는데, 취향이나 관심사도 엄청 잘 맞고, 말도 잘 통해서 둘이 자주 만나거나 통화도 밤늦게까지 하기도 하고 그랬어!카톡은… 친해지던 초반에는 답장도 상대적으로 빠르고 밤늦게도 답장m.dcinside.com"
"91",18541,"와 잇팁갤이랑 분위기 개다르다","실화냐ㄷㄷ"
"92",18543,"엔프제랑 연애중인데 너무 햇갈려 ..","엔프제 여자가 날 너무 좋아하는것같아서 사귀자했어 엔프제는 만나거는 질투도 많은것같고 막 날 귀여워해주는것같아 좋은데..연락쪽에서는 뭐.. 표현도 없고 .. 뭐가 사귀는게 맞나 싶어.. ㅜㅜ 나 좋아하는거 맞을까 "
"93",18544,"일 때문에 이제 보기 어렵다는데 난 어떻게해야해?","나도 서서히 멀어지면 돼? 자꾸 넌지시 보기 어렵다고 이야기하니까 서운해"
"94",18545,"켈리 맥주 먹어본 사람?","먹을만함? 평소에 테라만 마시는데"
"95",18546,"estp 진짜 절때 만나지마","엔티제는 소중하니까 그리고 상처받지도마"
"96",18547,"Enfj = 아빠몰래 용돈 잘줄거같은 삼촌 유형","5만원 쥐어주면서 아빠엄마한테 말하지말고 너 사고싶은더 사라 할거같은 유형서윗한남유형임 쏘서윗"
"97",18548,"istp랑 istj랑 왜케 달라?","istj친구들은 처음엔 안맞아도 이야기 나누다보면 진국인 부분이 많이 보이는데 istp들은 너무 제멋대로 막무가내에 말도 눈빛도 다 너무 툭툭 내뱉는 느낌이야 진짜 별로...아"
"98",18550,"너네 누구 좋아하면 헷갈리게 안하지?","남들이랑은 좀 다르게 대해서 호의 이상이라고 생각했는데"
"99",18551,"엔프제들 원래 일중독이냐","나 엔프제인데오전 공익(9시부터 6시까지하고)오후에 고깃집 장사배움(6시부터 11시까지)이라고 집와서 잠자 이걸 6개월째 반복중인데가끔 번이웃 오긴하는데 이젠 익숙함근데 주변 공무원분들이 나는 너처럼은 절대 못하겠다고함23살인데 일 중독이냐??난 행복한데.....물론 몸은 지치긴함쉬는날에는 주식책, 사업책 보면서 카폐에서 경치구경함나 또라이냐"
"100",18553,"제발이친구의생각이너무궁금해도와줘ㅜㅜ","만나고 난 뒤에 연락이 거의 끊겨서 나도 슬슬 마음 정리하고 있었는데 며칠뒤에 카톡 배경사진으로 나랑 찍었던 인생네컷 사진 걸어뒀더라고. 만났을 때도 분위기 괜찮았는데 문제는 연락텀이 너무 길어졌다는 거..? "
"101",18554,"엔프제가 자기 인생얘기 다하면 그린라이트임?","엔프제랑 같이 알바하는데 자기 가족얘기 취향얘기 투병얘기 진로얘기 등등등등 얘기 엄청 많이하고 나한테 무한질문함"
"102",18555,"내가 생각하는 enfj의 부정적인 면","타인에게 호의를 베푸는 자신에 대한 자부심이 있고 칭찬에 약한 타입이라생각보다 허세, 허영 있음흠이 생기는 것을 잘 견디지 못함 사소한 혹평에도 변명이 많고 기복이 심해짐평가가 안 좋으면 파르르 떠는 것을 감추며 고양이 표정 또는 점잖은 척 괜히 미소를 짓거나행정 법적 절차로 해결을 보려고 하는 등자기 방어가 상당히 강한 편가까운 사이와 갈등이 생겼을 때 상대를 미화하며 회피함상대에 대한 근거 없는 믿음내가 선택한 상대방이 그런 사람인 것을 받아들일 수 없는 자기애에 기반한 방어를 보일 때가 있음종합적으로 기질이 순하고 양보와 협조를 잘해서 좋을 땐 좋지만 정신연령이 20대 초반 이후로 잘 성장하지 않아서 갈등 상황일 때 취약해 보임"
"103",18559,"연애 상대가 주말에도 출근하는 직장인일 경우에 오래 사귐?","제목 그대로 주말에도 출근하는 직장인이랑 사귀면 오래 감?"
"104",18560,"처음 싫었던 사람이 시간 지나서 좋아지는 경우는... 없었던거같음","걍.. 표정만 봐도 대충 알고 대화 몇마디 나누면 거의 파악 되는데..기대 이상의 사람을 만나본적이 없는듯..내가 너무 사람을 적게만났나..??"
"105",18561,"엔프제가 내 이상형임","진짜 엔프제 남자 만날려면 어디가야함?내가 본 엔프제 남자가 성격이 내 이상형이였음. 근데 외모는 아니였음. 그후 내 이상형은 착한남자 엔프제임. ♡인연으로 만들고 싶었음. 엔프제 리트리버 강아지 같아.♡""헌신적  긍정적 가정적 믿음 선함"" 이런 남자는 완벽한 이상형임.그후 엔프제겔을 들락거리고 있음"
"106",18562,"외모지상주의 ㅅㅂ","나는 얼굴 안보는데 ㅅㅂ 얼굴땜에 여친을 못만드네여친 얼굴 그냥 르세라핌 김채원정도?? 면 충분한데 ㅅㅂ"
"107",18568,"너희도 마른편이니","나 남잔데 완전 마른체질이거든 세끼 꼬박 챙겨먹고 간식도 잘 먹는데 살도 안찌고머리 많이써서 그런가달달한것도 엄청 좋아해 당떨어져머리카락도 빨리 자라는데 이것도 머리 쓰는거랑 관련있나"
"108",18570,"이게 플러팅이 아니라고??? 다 이정도 표현은 해??","내가 요리를 좋아해서 ""나는 나중에 미래에 부인한테도 요리 잘해줄거야""라고 했더니 상대(enfj)가 ""나 잘먹어줄수있어""라고 했거든?? 이거 플러팅 아니야??"
"109",18571,"까였다","너희들 관심없어지면 정말 단답하더라ㅋㅋㅋㅋ "
"110",18572,"선긋는거임??","잉뿌삐인데 짝사랑하는 엔티제남한테 내 딴에서 호감표시를 조금씩 하고 있는데 자기는 여자친구 안사귈꺼라고 자꾸 전여친 얘기 꺼내는데 이거 선 긋는거지?? 그냥 그사람 바운더리 안에 들어간 것 만으로 만족하고 끝내야되나하 미치겠네 사실 연인으로 발전할 가능성 거의 제로이긴 함 ㅅㅂ"
"111",18573,"에너지를 계속 불어넣어줄수잇는 사람을 만나보고싶어","그런 사람이잇을까사람을 만날수록 계속 기만 빨린다사람이 싫어졋어"
"112",18575,"긍정적인 사람들과 일 해보고싶다","애플이나 러쉬 에버랜드 같은 분위기"
"113",18577,"엔프제남이 자기 친구들 술자리에 데려가는거","의미있나?걍 나랑 선약있었는데 친구들이 불러서 같이 놀고싶어서그런걸로 난 생각하는데전에도 친구들이랑 술 먹고있는데 나 부른적 있음.난 그런자리 좋아해서 재밌게 놈관계는 한달이상 썸"
"114",18578,"엔프제랑 엔티제가 정말 비슷하긴하구나",""
"115",18579,"너네 좋아하면서 싫은 척 할 수 있어?","없지? 액션 없으면 그냥 마음 없는거지?"
"116",18580,"엔프제들 애인 어디서 만들어?","자세히 서술좀 해줘...제발"
"117",18581,"엔프제 보통 금사식인 편임??","상대가 관심없어보이면"
"118",18582,"엔프제들 바운더리","엔프제들은 자기 바운더리 안에 들어온 사람이 이성적 호감표시하면 선긋고 태도가 달라지는 편임?? 아니면 눈치를 챘는데도 티안내고 연인 관계 발전에 대해 선 그으면서 원래 상태로 유지하는 편임?? "
"119",18583,"엔프제 금사빠 금사식이야?","사바사인 거 알지만 대부분 어떤가 해서"
"120",18584,"엔프제는 sns 중요하게 생각하는 편 아니야?","지인이 썸붕하고 힘들어 하더니한 달만에 여친 생겼는데인스타 비활 돌림 뭐지?"
"121",18585,"너희들 원래 카톡 잘 안하니?","내가 항상 오전에 선톡한지가 3주째거든? "
"122",18586,"너네가 좋아하는 사람을 현실적인 이유로 포기하기도 해?","가정형편 차이가 크다든가 물리적인 거리가 멀다든가"
"123",18588,"이상헝 나만 그런거야?","내가 자영업 배우거든 근데 이상하게 성숙한 사람들이 매력적이더라귀여우면서도 일할때 성숙하고일적으로 열심히 하거나 정신적으로 성숙한 사람보면끌림 그래서 연하보다는 동갑 혹은 연상이 좋더라나만 고런가"
"124",18589,"너네도 자기 합리화 강하냐?","난 그런편인데 궁금 "
"125",18590,"신기한점 ㅋㅋ","그렇게 수가 적다는 엔프제들이왜 내 주변엔 이렇게 많을까 했는데나도 엔프제였음 ㅋㅋ주변에 동족 많더라"
"126",18597,"카페 알바가 인스타하냐고 물어봤는데","안해서 진짜 안한다고 했는데 뭔가 시무룩한표정이라 미안하다..진짜 안해요 이렇게 하기도뭐해서 그냥옴 "
"127",18598,"엔프제 인프제 비슷한줄알고","갤러리 놀러갔다가 투머치토커 느낌 받아서 다시 나옴꺄악쓰"
"128",18599,"혹시 엔프제 입 가볍냐?","지금 호적메이트 엣프제 엔프제 둘이서 자강두천마냥 개싸우는데중립외교마냥 몰래몰래 서로 편들어주고 뒷담까주는 중임설마 내가 한 말 다 전하진 않겠지엣프제호메가 성격 개파탄난 또라이라 불똥튀길까바 무서움"
"129",18600,"엔프제 호의 호감 구분법 알려주라..","썸남이 엔프제인데 이성친구들이랑 연락하는데이성친구한테 호의인지 호감인지 잘 모르겠어솔직히 내가보기엔 좀 여미새 같기도해"
"130",18602,"엔프제가 금사빠인건 맞는거같지않음? ㅋㅋㅋㅋ","사람만보면 좋아하는 댕댕이마냥 좀만 친절해도 되게 괜찮게 보였다가이런저런 생각들 거치고나서 역시 고백하는건 좀 그렇지 하는 느낌 들면 혼자 마음정리하고있음사귈정도의 무언가가 있고, 또 사귀고나면 한없이 잘해줄텐데 그렇게 되기까지의 현실적인문제들이 너무 많지않냐 징짜"
"131",18603,"엔팁 문자 텀 긴거 ","DM으로 엔팁한테 오늘 보자고 햇더니 오늘 안되니 내일 어떠냐고 그래서내가 내일 저녁에 갠찮다고 햇는데 답도 없고 확인햇는지도 모르겟고... 구체적으로 약속시간과 장소도 안정한 체로오늘을 넘겨버림.이게 가능한걸까나?난 버틸수 있을까나?"
"132",18605,"엔프제 원래 가스라이팅심하냐","ㅈㄴ심하던데 "
"133",18612,"나는 ENTP랑은 안되겠다.","DM 안읽씹 개짜증나말하다가 사라짐.그리고는 짧게는 3시간 길게는 12시간 넘기는...이런 거 내 성격이 그냥 그런거인가시간보다 중요한 게 배려가 너무 없음."
"134",18615,"스트레스 푸는 방법","감정적으로 상처받았을 때나짜증날 때 있자나?그런 때 다들 어찌푸냥생각 좀 안하고 싶다."
"135",18618,"엔프제는 사귀는 사이 아니어도 같이 우산 씀?","어떤 여자애랑 같이 우산 쓰고 대화하면서 걸어가던데 "
"136",18619,"엔프제도 환승 이별함?","금사빠 기질이 있으니까 환승 이별도 하나 싶어서"
"137",18623,"엔프제 남자특","축구에서 골키퍼 선호롤에서 서폿 선호극단적으로 판 바꿀수있는 기적적인 플레이 선호스토리 읽은사람들 보면 그사람이 할 생각 한번씩 예측함성욕이 별로 없는편"
"138",18624,"엔프제갤러리는 완장이 헛소리하는게 웃김","맞는말도함 ㅋㅋㅋㅋ"
"139",18625,"니네도 어플로 사람 사귀고 그러냐? ","아는 엔프제 친구 완전 어플만남 빠져사는데"
"140",18626,"외롭다 외로워","놀사람이 없진않은데 놀아도 별로 재미없는 사람뿐이야인생망했어"
"141",18627,"엔프제 남자의 그것이 궁금하다","엔프제 남자는 이미지로만 보면 성욕없을것같다교회오빠 이미지 임. 글구 스님 수도자  같고,여자 아껴주고 그런 이미지임.실제로 어떰?"
"142",18629,"와 엔프제 엣프재 입 존나싸 이미친놈들 시발 중간에서 나만ㅋㅋ","와 시발ㅋㅋㅋㅋㅋ배신감 개쩌네"
"143",18630,"엔프제 금사빠라고?","금사빠라면서 바운더리 들어올때까지 오래 지켜본다는 건 뭐냐 ㅋㅋ"
"144",18631,"여기 호의호감 물어보는 친구들","왜 이렇게 쉽게 사랑에 빠져말 먼저 걸었다고..선톡 몇번 했다고 텀이 몇시간 어쩌고에..우산 같이 쓴 애.. 썸 탔다고 하는데 알고보면 혼자만 썸인 경우.. 칭찬 조금 해준거에 어마어마한 의미부여..등등너넨 도대체 어떤 인생을 사는 것 입니까 ㅠ+ 대화할 때 눈 마주치고 어쩌고 그러다 나쁜넘들이라 욕하고 맙소사"
"145",18632,"엔프제는 너무 친절해서 호의호감 구분을못하겠음","엄청 착하고 재밌고 이쁜데 절벽인거같은 엔프제녀 있는데 모두에게 친절한거같아서 혼자 김칫국 마시는걸까봐 대쉬를 못하겠다.."
"146",18635,"철저하게 배척하는데 어쩜 ?","직장에서 엔프제가 무리 우두머리인데 철저하게 배척하는데1.감정적으로 나란 인간이 너무 싫어서임 ?2.아니면 무리의 생존을 위해라는 그냥 비즈니스일수도 있음 ??2의 가능성이 있긴 있는지 봐주셈 ..0. 처음엔 나한테 정말 잘해줬는데 어느날 내 핸드폰 멋대로 염탐하더니 그 이후로부터 거리 두기 시작함.1. 직장동료인데 반년간 날 사적인 모임에 초대 안함 2. 사내 프로그램 지원했는데 지원자 중 내 이름만 빼버림3. 외부행사 나가는데 톡방에 나만 초대 안함 다른 상사가 보고 넌 왜 참여 안해 ? 해서 그제서야 알았음4. 자기 기분 좋은날은 이것저것 알려주고 챙겨주고 잘 들어주고 그런데 안 좋은 날은 거짓말해서라도 정보 공유를 안함5. 업무적으로 공유를 아예 안함. 자료 A 줄게요 ~ 하고 안줌B 줄게요 ~ 하고 안 줌. 6. 이상한 말을 계속함 ex) 여기사람들(회사사람들)이 XX씨를 뭐라고 생각하든 신경쓰지 말아요!! 나 묻지도 않았는데 와서 이 말 계속 함대체 무슨 심리임 ? 너랑 있는게 스트레스야 제발 변해줘 !! 이거임 ? 아님 우리 회사서 나가줘 제발 이거임 ?  뭐임 ."
"147",18638,"너네 진짜 나빠","헷갈리게 하지 말아줘... "
"148",18639,"이거 혹시 불건강 enfj 특징일까","- 말 엄청 많은데 본인 얘기 위주임/감쓰 취급 함- 내로남불 피코- 상대방의 나쁜면만 봄- 살벌한 뒷담- 열등감, 질투- 상대방 감정 잘 읽는다고 생각하는데 그냥 본인이랑 동일시해서 억측하는거임- 허영심- 주변 사람들 도구화, 은근 소패스러움- 자기합리화 (말은 진짜 잘 하는데 논리가 없어서 이랬다저랬다 바뀜), 본인 말/생각만 옳음- 거리감 있는 사람한테는 배려왕, 천사가 따로 없는데 가까운 사람한테는 생색, 짜증/히스테리 다 표출함- 은근 강약약강 컨트롤 성향 있어서 순한 사람들 한정 예민한거 맞춰주느라 눈치보게 만듦쓰고 보니까 그냥 mbti 관계없이 불건강한 사람 특징 같긴한데.."
"149",18640,"그럼 이런 경우도 금사빠가 아닌 거야?","작년 초부터 올해 5월까지 날 좋아했던 애(ENFJ)가나랑 연락 끊기고 나서 이 주만에 다른 사람이랑 썸 탔거든그럼 이것도 걔가 금사빠가 아니라 상대방이 먼저 반해서 쫒아다닌 건가?"
"150",18641,"난 게임에서 서폿 그런거 잘 안해","웬만하면 솔플함팀플하면 욕나와서"
"151",18642,"엔프제한테 읽씹당하면 가망 없는거지?","딱히 씹힐 내용도 아니었는데 ㅠㅜㅋㅋㅋ"
"152",18644,"enfj남자들은 좋아하는 여자들 앞에서","어떤식으로 행동함? "
"153",18645,"엔프제녀분들 거절표시인가요?! 도와주세요!","제가 관심있는 엔프제녀가 있어욥!한 3-4년전에 같은 무리였는데 그 때 처음 봤을 때 너무 제 스타일이라서  연락 먼저 하고 그랬는데 공적인 일은 답이 빠른데사적인 일에는 답이 너무 느려서 이성적으로는 힘들겠다 싶어서 그냥 친구로 지냈어요.사실 말이 친구지 그 뒤로는 연락도 따로 안하고 무리에서 진짜 어쩌다 보면 인사하고 안부 묻고 하는정도? 이 정도로 지냈어요.그런데 얼마 전에 되게 오랜만에 모임에서 만나게 됐는데여전히 너무 예뻐 보이더라구요 그래서 모임 며칠 뒤에 먼저 연락해서안부 인사 물었는데 요즘 졸업 관련 일로 바쁜가 보더라구요그래두 일단 밥 한 번 같이 먹고 싶은데 시간 괜찮은 날 있냐고물어봤는데 요즘은 바빠서 시간이 없다고 지금 바쁜 것 끝나고 나면 한 번 보자고 하더라구요(개인적으로 둘이 만난 적은 한 번도 없어요!)근데 그 바쁜 일이 최소 3개월 뒤에는 끝나는 거라꽤 긴 시간 뒤인 것 같은데이게 예의상 거절인지 아니면 진짜 그 때 볼 마음이 있는지를 모르겠네요 ㅠㅠ 물론 사람마다 다 다르겠지만여러분들이 이런 말을 했다면 보통 어떤 마음 일 것 같나요?일단은 그 때까지 아무 말 없이 기다릴 생각입니다!"
"154",18646,"짝녀 엔프제인데 대쉬방법 둘중에 골라주라","같은 알바하는 엔프제녀 내가 좋아하는데 같 근무 겹치는 시간에 대화는 몇시간씩 엄청 많이했음"
"155",18650,"엔프제는 눈 잘마주쳐?","엔프제 남자들은 좋아하는 여자 있으면눈 잘마주치나요?만약 좋아하는 여자가 옆에 있으면 어떻게 행동하나요?1.뚫어져라 쳐댜봄2.절대 안쳐다봄3.여자 뒤에 사물보는척 하면서 쳐다봄4.곁눈질"
"156",18651,"아니 시발 어디서 이상한 사람만나놓고 엔프제 특 하면서 단점 줄줄 나열","보통 사람 감쓰로 쓰고 자기 할말만 한다네아니 진짜 아니라고 혼자 앓다가 울기도하는데 ㅅㅂ 억울해아니라고 개색갸!!!맞다고 하면 그것도 또 이상한놈이잖아?개색기들 ㅅㅂ;;엔프제가 어디 세상 한두놈이냐고"
"157",18652,"Enfj는 원래 자기자랑하는 스타일임?","하고 싶은 자기얘기가 너무나도 많은 거 같은데 다 그럼? "
"158",18655,"관심있는엔프제한테 뭐라고 말걸까?!!","30중반 남자야!! 공적인 관계라 뭐 연락은 안하고 디엠만 하믄데 뭐라고 질문 해여지비 조금 친하게 다가갈까?!!!"
"159",18656,"엔프피감동시키는방법뭐냐"," 내가인프피라 "
"160",18657,"정신이 건강한 엔프제녀를 만나라","천사가 따로 없다 "
"161",18658,"엔프제면서 얼굴 몸매 다이쁜사람없나","엔프제들은 성격은 이상형인데 꼭 어디하나 하자있어서 대쉬하기 애매하네"
"162",18659,"원래 연애? 관련해서 많이 물어보니","아는 엔프제 여자애가 있는데"
"163",18662,"엔프제 짝녀랑 밥약속 잡았다","단둘이 밥약속 엔프제한텐 어떤 의미냐? 그냥 호감정도야? 너무좋죠! 이러던데 귀여워 미칠뻔"
"164",18663,"엔프제는 직장동료로 만나면 별로같음","친구로 만나면 ㄱㅊ 애인으로도 ㄱㅊ음근데 직장동료로 만나면 별로임우선 enfj 성향이 사랑받고 싶은 욕구와 우쭈쭈 받길 원하는데사회생활에서 누가 계속 우쭈쭈 해줌 실력으로 승부해야지근데 엔프제들은 본인이 실수해도 절대 잘못 인정을 안함칭찬만 받길 원하고 그 와중에 내가 혼나는건 자존심 상하고 싫은 애같은 성향이 있어서 끝까지 부정하고 변명함실수한건데도 제가 실수했습니다 죄송합니다 이런말을 들어본적이 없음제 나름대로 최선을 다했는데 착오가 있었고~ 구구절절 변명그리고 가끔씩 상사한테 틀린 부분은 바른말도 할줄 알아야하는데사랑받고 싶은 본능< 이것때문에 절대 옳은 소리 안함바른말 하는 직원 옆에서 이익만 건지고 상사한테 달콤한말만 해주니 그 직원보면 좀 간신배처럼 보였었음"
"165",18664,"내 성격 너무 좋아","일할때, 안친한 사람한테는 ISTJ친구나 연애할때는 ENFJISTJ만 나오다가 연애하고 ENFJ나온건데연애하면서 내 원래 성격이 깨어난건지아니면 원래 ENFJ였는데 사회화가 일찍 된건지 모르겠다 ㅋㅋ"
"166",18665,"말이 되게 많네","할말이 글케 많은가 신기하다"
"167",18668,"사람없인 못사는 운명인가보다","뭘해도 결국 사람이랑 수다를 떨어야하고나가서 새로운 사람들을 만나고 구경하고 여행하고..그게 인생의 낙이네.."
"168",18669,"엔프제가 상대를 더 특별하게 여기는 경우","1. 모임 통해 만나자고 하는건 누구라도 할 수 있어. 그래서 생각보다 그렇게 특별한 경우는 아니야  "
"169",18671,"근데 직원들 무시하고 사장한테 사바사바해서 예쁨받는다는게","말이 됨?? 그건 직원들한테 미움을 산다는거랑 같은 말인데..정상적인 엔프제면 그러진않을걸..??모두한테 예쁨받고 싶다고..실수도 인정하고 다음에 잘 해야 예쁨받을수있는데.."
"170",18673,"잇팁 꼬셔낸거같다","진짜쉽지않았다엔프제의 모든 스킬을 극한으로 활용해야했어"
"171",18677,"님들 어떤 사람 싫어하시나요","엔프제한테 이유없이 미움받고 있는 거 같아요"
"172",18680,"니네 안읽씹 하는 이유가 뭐야? ","짝남이 맨날 안읽씹 하다 빠르면 1-2시간 후 답장"
"173",18681,"다 퍼줘도 안질리는 논리적인 이유","그런 사람 찾으려면 진짜 한세월임있을때 잡아야함권태기가 와도 아주 잠깐생각보다 엔프제는 이익에 밝은 사람이라서확실히 이익 될것 같은 사람은 절대 안버림.."
"174",18684,"지금까지 좋아했던 사람들 공통점 있음?","나는 가치관 비슷하고 뭔가 꿈이 명확한 사람들이 좋았음"
"175",18685,"기부하는 사람 좋다","가난한 가구에 기부하는 사람 좋아그냥 좋아 인류애 충전!너희는 어때"
"176",18686,"엔푸제의 성욕 ","많다 vs 적다케바케겠지"
"177",18688,"금딸해야지","금딸이 정신적으로 좋대"
"178",18689,"난 너무 귀여워","왜이렇게 귀여운걸까"
"179",18692,"바람둥이 엔프제 욕먹이는법 있어???","알고지낸 엔프제가 있는데 걔가 나 꼬시듯이 이야기하면서 너가 너무 좋아 결혼까지 하고싶다 매일 밥해줄게 이러더니 2주 연락하고 스킨쉽 할려는거야 그래서 내가 사귀는 사이아니면 안된다라고 했는데 그 다음부터 카톡을 며칠동안 안읽길래 내가 전화하니까 차단 당했더라? 그냥 그러려니 넘어갔는데 며칠전에 친구들이랑 술먹으면서 엔프제 이야기를 했는데 알고보니 1년사귄 여친 있다고 들었어 지금 억울한거보다 그냥 부셔버리고싶어 짧았지만 나를 이용할려고 했다는거에 너무 화가나"
"180",18693,"에니어그램인가 뭔가","이거는 왜 하는거야?Mbti 랑 같이 좀 더 깊게 분석해보려고 하는거야?2w3 이라고 나오는데 단점이나 불건강할 때 등 안좋은거 읽어보고 그냥 참고하면 됌?"
"181",18694,"나한테 식은 엔프제 마음을 돌릴 수 있을까?","https://m.dcinside.com/board/enfj/18553"
"182",18695,"상처주고 받기 싫어서 아무것도 안 하는게 맞는걸까","어른이란 사실 나약한거였네살면 살수록 살아감에 대해 더 알 수 없어지는것 같아내가 알고있던 개념들의 정의는 점점 더 뜻 모르게 될 뿐이고믿었던 것들은 꽉 잡고 있던 힘 만큼 빠르게 흩어진다생각해보면 누가 믿으라고 해서 믿은게 아니고 그냥 내 스스로 믿고 싶어서 믿었을뿐믿을만한게 없는 세상이라는걸 알면서도 자꾸 믿음에 집착하고나 스스로 불러온 결과에 자책하고 상처받곤 해알면서도 상처받아어쩌면 상처받는다는 말로 포장된문제를 해결해야하는 상황에 대한귀찮음과 피로감 아닐까하지만 인생을 살아가면, 살아가려면, 오늘과 같은 일은 끊임없이 반복될텐데그때마다 좌절하고 스트레스 받고 회의감을 느끼고..그래야하는걸까?... 미래에도 끊임없이 반복될 일이기에과거에도 끊임없이 반복되었고그 안에서 내가 찾은 최선의 방법은 결국 무소유 였던것인데정신이라는것도 결국 정리를 하지 않으면뭘 해결해야하는지도 모르고 순서도 정하기 어렵다그 와중에 새로운 문제들이 연달아 터지면 그야말로 답이 없어지는거지..청소 설거지 빨래도 안해놨는데갑자기 물건이 고장나서 고쳐야하는 상황이오면물건을 고치는 동안 집안일은 더 쌓이고끊임없이 고통 받는다..내가 가진 그릇을 비워야...그 안의 다른 사람의 것을 담을 수 있고다른 사람의 것은 애초에 다른 사람의 것 이었기 때문에 떠나도 미련 없다하고 싶은것도 많고 갖고 싶은것도 많지만..그걸 위해 내 자신이 희생되어서야 결국 얻는게 없는 상황일 뿐이다..... 우울해서 주절거려봤다..."
"183",18696,"이거 좀 봐줘ㅜㅜ","사귄지 60일 정도? 된 남자친구가 내 친구들한테 관심이 많은가봄고등학교 때부터 친한 친구들 중에 남자애 한명 있는데 (이성적 매력 없음) 얘한테 따로 인스타 팔로우 걸로 디엠까지 하는 거 나한테 얘 생긴거 귀엽다고 맘에든다고 자주 얘기 꺼냈었는데디엠 보낸거 캡쳐해서 보내줬길래 기겁하면서 그러지 말라 했거든내가 이상한건가??"
"184",18698,"뒷담화를 1도 안하는 법은 입을 닫는 수밖에없는걸까","뒷담화라고 생각치도 않은것까지 뒷담화처럼 들리곤 하네일하는 사람들끼리 얘기하다보면 누가 일을 어떻게 하네 저렇게하네정도는 얘기를 하는데..휴 그런것도 다 뒷담화인걸까..?뒷담화 정말 싫다뒷담화 안하는 사람끼리만.. 있는건 말이안되는거같고 아 사회생활 짜증나아아"
"185",18700,"엔프제들아 정털리면 어떻게 대해?","ㅇㅇ"
"186",18702,"나 엔프젠데 인프제갤에서 털렸어ㅋㅋㅋ","인프제랑 썸타고 있어서 의견 물었더니 그냥 털더라구ㅠㅠ엔프제갤에서만 놀다가 인프제갤 가서 알아버렸어우리갤이 깨끗한 이유는 우리 머릿속이 꽃밭이기때문이란걸난 너네가 좋다 애들아"
"187",18705,"여기갤 같은 분위기 다른 유형갤 어디야","인프제 인프피 말고"
"188",18706,"엔프제들아 나 너무 헷갈려ㅠ엉엉","나 잘해보고 싶은 엔프제남자가 있는데 너무 헷갈료ㅠ일단 어떤 관계냐면엔프제가 선생님이고 나는 제자인데 나이는 내가 연상이고(여자임) 엔프제선생님은 연하임(남자)매주마다 2-3번 일대일로 만나서 수업을 듣는지라소소한 대화도 많이하고 점점 친해져서 이런저런 얘기 자주하는데되게 장난꾸러기인데다가 설레는 말들을 아무렇지 않게 남발함 ㅠ예를 들면 귀엽다, 동안이다,사랑 많이 받고 자란 것 같다내가 좀 어리버리한 편인데 그래서 그런건지 뭐만하면 사차원 같다고 함내가 숏컷인데 살짝 기를때마다 자르고 다니니까 머리 길러본적 없냐, 언제 길러봤냐 그러면서 머리긴 모습 궁금하다고 하고....진지한 얘기 나누다가 내가 해결점?같은 거 제시해준적 있는데그때 답변듣더니 나보고 내면이 단단한 사람인것 같다고 함그리고 내가 본업은 프리랜서인데 그거에 대한 질문이나가족들 관련한 뜬금없는 질문도 많이해ㅋㅋㅋ아 그리고 엄청 장난 많이침 ㅠㅋㅋㅋㅋㅋㅋㅋㅋㅋ자꾸 만화 캐릭터 같은거 닮았다고 별명지어주고ㅜ이거 말고도 많은데 솔직히넘 사소하고 별 말 아닌 것들이라 줄인거임 ㅜㅋㅋ구냥 선생님이랑 제자관계니까 비지니스 차원에서 하는 립서비스인가 싶고ㅜ빈말인지 뭔지 모르겠는데 뭐만하면 칭찬해주고 다정하게 해주시니까솔직히 처음에는 나 좋아하나? 이러다가 나도 모르게 선생님한테 스며들게 됐어ㅜㅜ처음에는 이 선생님이 다정하긴해도 선 안 넘고 공과 사 구분 철저해보여서 괜찮은 사람이다 싶었는데 그런 사람이 저런 말 하니까 플러팅인가 싶어서나 너무 헷갈료 ㅠ 서로 티키타카 잘되구 외모도 내 스탈이라 잘해보고 싶은데엔프제 마음을 도통 모르겠음 ㅠ참고로 며칠 전에는 어쩌다보니 수업 끝나고 같이 퇴근(?)하게 되어서(원래는 선생님이 거기 상주하기 때문에 언제 퇴근하는지 모름)집가는 길에 자연스럽게 동행하게 됐는데,가는 길에 갑자기 내 핸드폰 들고 도망치고 ㅋㅋㅋㅋㅋㅋ자꾸 장난쳐가지고 가는 내내 마음 속으로 진짜 재밌다ㅜㅜ 티키타카 잘된다 이 생각 뿐이어씀...그리고 내가 집이 코앞이고 선생님은 집까지 거의 1시간 거리인데둘다 같은 방향이라 같은 버스를 탔단 말이지원래는 내가 먼저 내리고 그 다음 정거장에서 선생님이 쟈철 갈아타야해서 내려야 하는데둘다 수다 떨다가 벨 누르는거 깜빡해서 내가 내리는 정거장 지나쳐가지고 선생님 따라 다음 정거장에서 같이 내렸거든그래서 선생님은 지하철 역으로 가고 나는 버스 환승 해야해서 서로 반대편으로 가야하는데 갑자기 내 팔을 자연스럽게 잡아끌더니바로 앞 지하철 역 방향으로 가는거임그래서 내가 왜 이쪽으로 가는거에요? 그랬는데그냥 아무말 시전하면서 자기 데려다 달라는 뉘앙스로 댕댕이 같이 쳐다보길래아 네 저 역 밑으로 통과해서 갈게요~ 이럼서 같이 내려가서선생님 막차타는거 바래다주고 왔다 ㅋㅋㅋㅋㅋㅋㅋ후;; 연하 엔프제 졸귀야하;; 마지막에도 나는 쿨한척 하려고 잘가세요~ 이러고 바로 뒤돌았아서 가는데갑자기 뒤에서 00님! 이러면서 다시 부르더니잘가세요! 헤헤 하면서 귀엽게 웃는데 어케 안조아하냐이거 플러팅아니면 진짜 대역죄 아니냐구 ㅠ심지어 본인 엠비티아이 잉뿌삐....ㅜ망상회로 오지게 돌리는 중임 위에 엔프제가 했던 말들이나 행동다 이성적 감정없이 가능한고야?엔프제들 뼈때리는 팩폭 조언 부탁해 ㅠㅠ"
"189",18708,"엔프제가 자꾸 간보는 느낌이야","언제는 내 눈도 똑바로 못보고 벌벌 떨다가"
"190",18709,"사내 왕따","사내 은따 피해자인데주동자가 직장상사이자 엔프제임톡방 나만 초대 안하기 회식자리 나만 안 부르기 내가 누구랑 친해지려하면 이간질하기이런 사춘기 기집애 같은짓을 서른살 남자가 함 ㄷㄷ다들 동료들도 아는데 다른분들이 다들 너무 착하고 그분이 말도 안되는짓 한다고 생각해서 나한테 몰래와서 긔띔해주고 그럼xx씨 오늘 회식있어요.. xx씨 오늘 행사 같이 갈거죠 ? (그분이 일부러 뺀거 알면서 다들리게)쨋든 나 극도로 싫어하는 이 사람 어떻게 해야함 ?싫어하는 이유는 이미 이 지경에서 찾아봐야 의미 없고직장상사인데 비즈니스로만 대하고 그냥 걍 무시하면 됨 ?나도 불편한 티 존나 낼까 시발 회사에서 왜 이러는지 모르겠네유치원도 아니고 애기도 아니고 쌉호감이었는데 저 짓꺼리 때문에 씹비호감 됨개선을 할려면 어떻게 대처 해야하는지 엔프제가 알려주세요."
"191",18710,"상대방이 너네 심리를 다 이해하고 있으면 기분나빠?","너무 공감돼서 이것저것 얘기했는데 좀 오지랖부린건가 싶어서"
"192",18711,"엔프제가 왕따를 주도할리없다","esfj가 왕따주동자의 아이콘임.esfj겔 가면 피해자들이 대게 모여서 울분을 토함.개념글이 전부 피해자들이 쓴글로 올려져있음.(개 특이함)엔프제랑 엣프제랑 겉모습은 비슷해보일수있음근데 N과S는 완전다름심리검사 잘못나와서 엣프제가 엔프제라고 할확률 있음.물론 아주 건강한 엣프제도 존재하겠지만,얘네들은 가식의 아이콘이라 양심이 없음.스스로 바라볼수있는 객관화가 전혀 안됨.나르시스트,피해자코스프레,가식, 왕따주도, 양심리스  3줄 요약=왕따주도 하는거 극혐 하는게 엔프제 이고,왕따 주도 하는게 엣프제임.S가 N인척 하는거 조심하자"
"193",18712,"미래가보인다니깐","왕따주도는 리스크가 너무 커삐끗하면 내가 모든걸 잃을수도있고뒷담화도 장난 아니게 먹을거라는걸 아는데엔프제는 그렇게까지 강철심장이아니야"
"194",18714,"엔프제 종특","친구가 엔프제인데 이 ㅅㄲ들은 근본이 아가리 잘텀근데 잘들어 보면 논리가 없움 내 친구 가게 사장 밑에서 일배우는데 사장이 존나 똑똑함 그사장 밑에서 3년 배우더니 이 ㅅㄲ 논리 반박을 못하겠음다 맞는 말인데 ㅈ같음결론 엔프제들은 논리없이 말을 잘함근데 논리력을 키우면 이 ㅅㄲ들은 무적이됨"
"195",18715,"얘기하는데 빤히 쳐다보는거 그냥 패시브야?","아니면 관심이야? "
"196",18716,"엔프제가 쳐다봐서 설렘 x","설레이게 하는 엔프제가 쳐다봄 o관심없는놈은 쳐다보던 말던 눈까리가 두개건 세개건일절 관심없음 ㄹㅇ"
"197",18717,"엔프제가 핸드폰에 사진 간직하는거","엔프제 남자애가 어떤 여자애(A라고 칭할게!!)셀카건 지가 그냥 A를 몰래 찍은사진이 엔프제 핸드폰에 있는건 왜그런거야?A랑 엔프제남은 그냥 서로 얼굴만 아는 사이임뒷담목적? 아니면 그냥 습관?아니면 A한테 관심있어서?????"
"198",18721,"오돌뼈를 먹을까 국물닭발을 먹을까","크흠 일생일대의 고민"
"199",18722,"잇팁이랑 엔프제랑 정반대라던데","어째 만나는 사람마다 엔프제냐벌써 5명째임이정도면 엔프제 콜렉터인거 같은데"
"200",18724,"엔프제 여자 만나보고싶다","나도 엔프제 남자임 "
"201",18726,"너네 enfp랑 다른점이 뭐야","얼핏보면 비슷한데 뭔 차이지"
"202",18727,"다들 이상형이 어떻게 돼?","궁금"
"203",18729,"이거는 확실하다고 생각하는 것 중에 하나가","능력이라는건남들이 일반적으로 가지고 있지 않은 모든것긍정적이건 부정적이건 간에그런거라고 생각해모두가 자기 할말만 하는 세상에남 얘기를 들어주는것에서 즐거움을 느끼는 내 성격은정말 큰 능력이라고 생각해근데 실제로 남 얘기를 들어주다보면 이건 손해가 아니거든알게모르게 배려 받고 이득 보는것도 많고기본적으로 쏟아지는 엄청난 정보량..가끔 지칠때도 있긴한데 남들 살아가는 모습을 꽤나 가까이서 지켜볼수 있어서 재밌어그리고 정보라는것은 언제든 무기가 될 수도 있고..장점이 있으면 단점도 있는 법이지만내가 이 성격을 못 버리는데에는다 이유가 있는거지"
"204",18730,"청혼 후 결혼얘기 vs 결혼얘기 후 청혼","어떤게 나아?전자는 내가 결혼얘기하고 우리 미래를 얘기해도 상대방은 묵묵부답이다가 서프라이즈로 각잡고 제대로 청혼. 이유는 청혼의미대로 결혼허락받고 준비하고싶어서.vs후자는 평소 결혼 얘기도 하고 서로 결혼 할 때가 된 것 같으면 청혼하고 준비 or 준비하면서 청혼.나는 개인적으로 후자가 좋은데 뭔가 서로 미래를 얘기하고 미리미리 준비하고 싶은 마음이 있어서? 근데 내가 예상치 못했는데 갑자기 각잡고 청혼하면 당황할것같아 그동안 결혼얘기도 없다가ㅜ 어느정도 생각을 해보고 서로 얘기도 하고 결혼 준비하면서 청혼받는게 나는 좀 더 나은것 같아.이것저것 준비해서 청혼했는데 내가 결혼생각 없으면 너무 미안하기도 하고... 다른 사람들은 어때?**상담하려고 올린거 아니고 그냥 어떤 점에서 전자 혹은 후자인지 단지 다른 사람들 생각 궁금해서 물어본거야**"
"205",18731,"근데 확실히 엔프제가 유별나게 적극적이고 오지랖 넓은 건 맞는데..","그건 알고있어야돼 원래 콩깍지 씌이면 별거 아닌것도 다 시그널처럼 보이는거..여기 올라오는 글 보면 약간 객관성을 잃어버린것 같은 글도 좀 보인다 ㅋㅎㅋㅋㅋㅋ"
"206",18738,"너네 친구랑 이성으로 보는 상대랑 구분 명확해?","티키타카 잘되고 생각도 비슷한 거 같아서 친해지고 싶은 엔프제가 있거든"
"207",18739,"엔프제랑 한번틀어지면 끝임?","난뒤끝없는데 엔프제는 좀 날 어려워하고 멀리하는게느껴짐"
"208",18741,"가끔은 가스라이팅 한다고 하는것도 일종의 가스라이팅 아닌가 생각","하도 엔프제가 가스라이팅 한다고 떠들어대니까요즘은 내 의견 주장도 못하겠어가스라이팅이라는 말 없어저야해"
"209",18742,"[어려운 문제] 님들 잘못이나 부끄러운 점 얘기하면 파탄이지 ?","그 직장상사가 철저하게 배척한다는 글 올린 사람인데요배척하는 이유는 세 가지로 복잡한 이유가 섞여서 문제가 꼬여버림1. 더 윗 선의 지시 (그분이 내 사적인 문제까지도 보고 올려서 위에서 안좋게 봄)2. 내가 무능력해서 (객관적 이유고 나도 인정함) 3. 내가 이 사람이 스트레스로 남들 뒷담화 한거 다들었는데 그거 땜에 안좋게 보고 거리 둘려고 했음. 근데 이제 그거 남들한테 말할까봐 불안해서 철저하게 은따함.위 세 가지 이유로 나를 이너서클에 넣고 싶지 않은것인데 ..내가 INTJ라 분석력이 KDI급이라 이 사람이 어떤 사람인지 어떤 걸 싫어하는지 내면의 취약점까지 전부다 분석이 완료 되었거든 말씀 올리면서 내가 ~님 거리 둘려 한 거 인정하고 이유는 3 사건을 말하면서그때 거리두려한거 잘못했다. ~님의 좋은 모습만 보고 갔어야 했는데 내가 정말 실수한거다. 이렇게 말하면내가 아는 엔프제는 ""인정한다 실언이었다"" 보다도1.무시 2. 무능력한데다가 아랫사람인 감히 니가 ? 3. 남들에게 말할까봐 불안해하고 스트레스받고 존나 고통받을것 셋 중 하나 나올 것 같은데 내 예측이 맞음 ? 내 예측이 맞다면 파탄인거지 ? 나는 진짜로 관계 개선하고 싶거든. 그럼 3번째 사건은 죽을때까지 모른척하고 1번 얘기도 꺼내면 안되고 2번 얘기만 하면서 용서 빌면서 앞으로 노력 많이할테니 좋게 봐달라 하는게 맞느냐 이거임..나는 3번 사건도 얘기하고 진짜 솔직하게 서로 xxx하게 생각 한 것들 다 얘기 하는게 맞다고 보는데..상대(직장상사 ENFJ)가 그런 스타일이 절대 아니야..구지 엔프제 아니더라도 내가 거리두려 했던 이유로 들려고 윗사람의 잘못 얘기를 꺼내는게 위험하기도 하고..그분이 나를 이너서클에 넣지 않는다 ! 이건 앞서 말한 3가지 문제 때문에 타협의 여지 없는 확고한 방침으로 보이거든 근데 그럼 불안해 하지를 말던가. 3번 때문에 내가 누구랑 얘기만 해서 불안해서 바로 자리에서 일어나서 달려와서 얘기 엿 듣는게 난 진짜 안쓰럽고 이해가 안되관계 개선하려면 이 복잡한 문제 대체 어떻게 풀어야할까. "
"210",18743,"불건강 엔프제 눈눈이이 함?","나도 인프피였어서 우울하면 잠수타서 잠수는 이해하는데다시 수면위로 올라올 때 되게 고맙고 미안해하면서 사정 설명하거나하루이틀 잠수는 밀린 카톡 폭탄으로 사죄하는데얘 우울해하길래 응원햐는 카톡 보내고 최선을 다핶는데잠수타다 무성의 카톡 옴…원래 그런거임…? 아님 나한테 화나거나 삐진거라 내가 다가가서 풀어줘야하나…? 난 친구로 잘지내고 싶은데솔직히 심정이 잘 이해안됨 뭔가 예의가 아닌 것 같구…나도 힘들면 영혼 식는데 그래도 가면쓰고 형식은 지키는데….여자는 안그러는데 남자라 그런가이 친구도 남자가 더 편하겠지만… ㅜㅜ"
"211",18745,"Istp가 보는 enfj","장점없응단점1.너무나댐2.주제파악못함3.소패임 (갠적으로 nfj 대부분 소패같음)4.징징댐관심없어서 이정도밖에 못쓸듯...요즘 정신병자들 분석하고 있는데 쏘패 enfj 한명 있어서 써봄일반화의 오류일수있음ㅇㅇ내 주관임 ㅅㄱ"
"212",18746,"예전에 잇팁 여자애랑 얘기하는데","옷얘기하다가 항상 비슷한 옷인거같애 어쩌구저쩌구하다가오늘 입은 옷에 대해 얘기하다가 내가 스윽 위아래로 훑어봤거든그러더니 나중에 그거 성희롱이래 이게 대체 무슨소린지"
"213",18748,"관계에 너무 진지한데 어떡하냐?","그래서 쉽게 가볍게 만나는 거 못하겠음연인뿐만 아니라..""밥한번먹자"" 난 이게 진심이거든?근데 대다수는 그냥 하는 말이더라고나같은 놈 어떻게해야되냐"
"214",18750,"니네 썸 끝내고 싶을때 대놓고 말해?",""
"215",18753,"enfj들아 궁금한 거 있어","질문 답변 좀 해주라1. enfj들 눈눈이이야? 카톡 텀을 나랑 완전 똑같이 해내가 1시간 늦게 보내면 enfj도 1시간 늦게 답장하고. 그게 한 두번이 아닌데 일부러 안읽씹하는 것 같아서 궁금해.2. enfj 호감 있을 때랑 없을 때 어떻게 달라?구체적으로 알려주라!3. 너네 금사빠, 금사식이야? 또 이성볼 때 얼굴 많이 봐?4. enfj 소심한 것 같던데 너네 원래 소심해?? 자존감 자기애 높은 걸로 알고 있는데 아닌가 싶어서미리 고마워!"
"216",18754,"외모는 중요해","난 얼빠가 맞아빡쳐도 얼굴보고 풀릴수있어야해"
"217",18755,"고마운 줄 모르는 인간들 죽어라","ENFJ 사퇴 마렵다."
"218",18756,"너네 호감있는 상대한테 다가가는걸 망설이는 가장 큰 이유가 뭐야","확신이 없어서야?"
"219",18757,"엔프제들아 골라봐","처음 만난 사람과의 자리참을 수 없는 미친 어색한 분위기vs인내심 한계온 극외향인에게 기빨림둘 중 고르라면 뭘 더 선호함?"
"220",18758,"엔프제는 싫어하는 사람한테 어떻게 행동해??","나랑 가깝게 지내는 직장동료가 이틀전부터 차갑게 대하고 사소한거에 트집 잡는데 물어보면 나한테 불만 있어서 그런게 아니래…왜그러지"
"221",18759,"enfj 좋아하는 사람 앞에서 어색해?","enfj한테 엄청난 대쉬를 받고 있는데진짜 직설적이더라고 좋아한다하고 계속 영화보자 놀러가자예쁘다 보고싶다 이렇게...나도 호감이 있어서 만나긴 하는데다같이 만나면 진짜 분위기 메이커에 말도 엄청 잘하는데단둘이 있음 너무 어색해 하는게 보이고 말수도 별로 없고.....재밌는 남자가 이상형인데 둘이 있을땐 왜그런건지 모르겟어ㅜ엄청 말잘하는 엠비티아이 아닌가ㅠㅠ..?? 그래서내가 자꾸 주제 던쟈주는데 좀 힘들어.....왜그러는거야....어색해 할 성격은 아닌 것 같은데...원래 이게 진짜 성격인건징.."
"222",18782,"난 estp인디","엔프제한테 욕먹는엔프제완장은 "
"223",18783,"주딱아 혹시 갤 접을거면 이거봐주라","갤매 나 줄 수 있음? 마갤 완장경력있고 갤러리는 갤러리 여론대로 돌아가게 냅둘 수 있음. 개추유도같은건 글에 따라 다른데 상황보고 아니다싶으면 자름. 원하면 오픈카톡 파서 인증 가능함. 그리고 여기보다 더 식물갤러리같은 곳 운영함. 생각있음 댓글주라 "
"224",18794,"엔프제 전애인 연락왔어","내가 차였었고 3개월 정도 밖에 안사겼었어그리고 얘는 새애인 사귄지 1년 넘었고중간중간 연락왔을때 맘 있는거냐 물어봤는데 아니래 그래서 ㅇㅋ했는데얼마전에 어떻게 지내냐 묻더니 또 이주 뒤 어제 많이 미안했다고  고맙고 미안했다고 연락옴왜 그러는걸까?현애인이 너무 좋으면 굳이 연락할까 싶기도하고"
"225",18795,"엔프제가 많이 힘든거같은데 어떻게해줘야할까","공적으로 알게된사이인데 가족이랑도 스트레스가 심하고 친구 한명이 아파서 계속 같이있다가 본인이 너무 힘들어서 독립했다고 이제 오늘 입주한다해서 축하한다고 해줬어  "
"226",18797,"인프피는 엔프제가 밉다..","단둘이 밥먹자하니까 처음에 너무좋다더니 약속계속 미루다가 거절"
"227",18798,"엔프제가 오랜만에 왔는데 엔프제갤 뭔 일임.","여기 하도 인스타 스토리충들 고민상담 보기도 해주기도 싫어서한 한달 떠나 있었는데뭔 일 있었나 보네."
"228",18799,"엔프제는 만나자는거 선약 있어서 거절하몀","자기 거절하는걸로 알아들어?????? "
"229",18800,"여기서 싸워라. 댓글러들 알람 울리게 하지 말고.","판 깔아줬다."
"230",18802,"안녕하세요. 신입 엔프제입니다. (__","저는 오랫동안 인프피였다가 엔팁이 나오고 최근 검사표에서 엔프제가 나와 다시 검사했더니 또 엔프제가 나와 이렇게 이곳에 방문드리게 되었습니다.  "
"231",18803,"enfj여자들아","너희가 좋아하던 남자 A가 있다고 가정할때, A한테 여친이 생겨서 마음을 접게된 후너희한테 새로 생긴 남친B를 A한테 소개해줄 수 있어?"
"232",18804,"갤 분위기가 왜이래 요새 날씨같네?","그래도 낮에 먹구름 사이로 햇빛 들어오는거보니 보기 좋더라"
"233",18807,"너네는 짝사랑 상대가 선톡 없으면 어떻게 반응해? ","너넨 항상 연락해주던 짝사랑 상대가 선톡 안하고,그 사람이 다른 사람한테 빠진것 같으면 어케 반응할꺼임?계속 직진 or 접는다?! "
"234",18809,"솔직히 딴건몰라도 엔프제 가스라이팅은 심하긴함","그자기만의 소신? 생각 뭐 그런거 남한테 계속 강요하고 남을 자기입맛대로 고칠려고하는 그런게 존나크더라 엔프제들다그랬음 그래서 반박하면 삐지거나 화냄 이해안감 "
"235",18810,"여기서 엔프제한테 화난사람들 글 보면 대부분 이럼","그냥 인간적으로 되게 이상한 사람 만나서어딘가에라도 분풀이하고싶어서 찾다가알고보니 그사람이 엔프제라서씨발새끼들아! 하고 여기서 머라머라캄가만히 연애얘기하고 고민상담하고 놀고있던 엔프제들 평소에 안하던 말듣고 머임 뭐임 뭔일이여 하고 모여서 얘기들어줌"
"236",18811,"나 인프제랑 사귀다 해어졌는데","원래 인프제 바람 잘나냐??"
"237",18813,"난 좋아하는사람 아니면 스킨쉽 저어얼대 안하는데","스킨쉽 하고서 뭐 연애생각 없다느니 하는놈들은 엔프제고 뭐고 떠나서 걍 쓰레기임 거르면 됨"
"238",18814,"인프제 약간 두루두루 친한데 중요한 사람에겐 상처주는게 있는듯","내가 상처받아서 그런건 아니고...시발"
"239",18815,"나는 도태 남녀들이 범죄를 많이 일으키면 좋겠음","사회에 고립된 도태남녀들이 있자나 "
"240",18817,"밥약속 제안하면 너네는 흔쾌히 먹자고해?","호감가는사람한테 담주에 얘기 할 예정이구 "
"241",18820,"근데 가까운사람한테 상처 안주는 사람이 있긴함..?","원래 가까울수록 기대하는게 많아서 상처받고 그러는거지..상처가 아물면서 더 진득해지는거라고봐엔프제한테 상처받는다고 하는데나도 엔프제입장에서 다른 유형들한테 수시로 상처받음;;"
"242",18821,"이 사람의 심리가 뭘까?","최근에 엔프제 한명을 알게 됐는데"
"243",18822,"연애하고싶어 미치겠다","엔프제 데려가실분.. 쇼타 좋아하시는분 없나요 말많고 귀여운 쇼타남이에요"
"244",18823,"엔프제 호감과 친절 구분 좀 해줘... ","썸타는 엔프제 여사친들이 굉장히 많은데...혹시 프제는 상대방한테 밥 먹었어? 얼른 챙겨먹어~말하는거 호감이야 그냥 친절이야?말투 엄청 다정하고 챙겨주는 투라 헷갈리네 :("
"245",18825,"enfj들 호감, 호의 어떻게 구별해야 해?","호감일 때는 어떤지 호의일 때는 어떤지 자세히 알려주라..너무 헷갈려ㅠ"
"246",18826,"다행이다","나는 못생긴 Enfj라서 오해할일이 없어서  "
"247",18829,"친한 남녀 사이라지만 유럽여행도 가능 한거임?","유럽 놀러가요!!! 라는 말에넌 무슨 유럽을 바로 옆동네 가듯이 말하냐 ㅋㅋ가 최선의 대답이였다 정말단둘이 가자는 문구가 있는건 아니였으니사심이 없었을지도 모르고 다른 사람들까지다같이 가자가 베이스 였을지도 모르니내가 더 제대로 물어봤어야 했다만은당황해서 저 대답이 최선이였음…참고로 게다가 난 직장 여선배고 상대는 남후배enfj친하긴 진짜 친한거 같음 잘 따르기도 하고잘 놀러도 다니고 둘다 미술관 취미라미술관 간적도 있긴 한데그래도 난 유럽은 같이 못가겠는데ㅋㅋㅋㅋㅋㅋㅋㅋㅋ점심 먹고 둘이서 회사 돌아오는 엘레베이터에서둘만 있는데 쏴지르니까 사람이 당황을 하게 되더라고근데 여기 게시판 글 읽다보니 ㅋㅋㅋㅋ거절 당하면 바로 접는 분들이 많아서얘가 확 다가왔다 푹 꺼지는 느낌이혼자 다가왔다 포기했다 하는 느낌인건가 싶다가도걍 마음의 문을 활짝열고 날 지구촌 가족이라 생각하는건가"
"248",18830,"혹시 새벽에 연락","연락 한번도 안한 사이여자애가 새벽에 스토리 올림내가 그거 스토리 답장 보냈어 (진짜 궁금해서)그게 첫 연락..이상하게 생각할까..안읽씹해 ㅠㅠ "
"249",18831,"너네는 용기가 안날 때 어떻게 하는 편이야?","능력으로 목표에 도달할 수 있는걸 충분히 아는데, 그 과정 속에서 수많은 사람들 앞에서 발표하거나 목표의 행위를 보여줘야 해. 근데 그 긴장감이나 기대를 만족시켜야 한다는 혹은 완전히 전달해야한다는 부담감, 시시간으로 보이는 타인의 감정들에 대해서 어떻게 이겨내는 편이야…?내 대의를 위해서 막 움직이고 싶은데, 상처받기 싫어서 그런가 이전처럼 용기가 안나네ㅎㅎ…. 엠비티아이를 떠나서 많은 사람들이 하는 고민이겠지만, 그래도 같은 카테고리니까 좀 더 와닿는 방법이 있지 않을까해서 물어봐~"
"250",18832,"상대가 철벽 치는것 같을때 반응 어떻게 해 ?","엔프제남이랑 오래 썸 탔었고,, 서로 계속 잘 지냈는데얼마전에 엔프제가 카톡프로필이랑 이모티곤 이런것까지 다 나랑 똑같이 바꿨더라고... 의미 부여하는건진 모르겠지만,,근데 난 최근에 그친구가 다른 여사친들한테도 친절하게대하고 다정한 모습 보면서 남몰래 상처받고 마음을 닫았어..그래서 카톡프로필 그친구랑 아예 다른걸로 바꾸고 몇일 땅굴 파고들고 그랬더니.. 그 썸남도 아예 다른 사람처럼 변했어. 진짜 댕댕이같던사람이였는데 무뚝뚝해졌달까.. 내가 싫어진걸까 ㅠ 주변에 여자들 정말 많았는데 그 여사친들이랑은 여전히 챙겨주며 잘 지내더라..ㅎ "
"251",18833,"호의랑 호감을 구분하기가어려운거같다","초반에 부담스럽다고 까였다가 내 감정을 조금 숨기고 이성적인느낌보다 친구처럼 그렇게 지냈는데  "
"252",18834,"엔프제 생일선물","지인에서 조금씩 썸으로 넘어가고 있는 엔프제 30살 여자가 있어제대로 연락하고 지내기 시작한건 2주 밖에 안되긴했는데다음주가 생일이더라구.아직 취향이나 좋아하는거에 대한 정보도 많이 부족해서어떤걸, 어느 가격대 정도로 주면 적당할까?"
"253",18835,"요즘은 못생긴것도 나름 괜찮지 않나 싶기도하고","아무도 안헷갈려하더라..오히려 호감이 아니엇으면 싶겟지..(주륵)"
"254",18836,"enfj 남자동료가 내 성격을 알아갈수록 본인이 서운한걸 티내는데","나는 여자고 극 T성향이야 모든 사람들한테 동등하게 대하는 특징이 있거든 t성향이 내가봐도 정말 강한데 일터에서 걍 두루두루 다 친하다고 생각하고 아무랑도 연락을 따로 하고 싶지않지만 공적인 연락이오면 다 대답해주거든? 근데 어떤 엔프제 남자동료가 언제부턴지 나보고 왜케 쌀쌀맞냐면서 내 성격 + 내 엠비티아이가 T인거 + 본인이 나한테 베푸는 호의를 내가 아예 몰라주는게 서운하다고 진지하게 말하길래 잠깐 생각을 해봤는데 그 엔프제 남자동료가 좀 치대는 성격이라 내가 귀찮아한건 맞는데 내가 몰라준 호의가 대체 뭘 말하는지 모르겠어서 물어보니까 됐다하길래 대화를 끝냈긴한데 (나도 뭐 포인트를 모르겠어서 몰라준 호의가 뭘까? 예상가는 상황들 예시를 못 적겠네..) 저런 말 하고 시간지난 요즘에는 장난섞어서 얄밉다고 하는데 특히 나 빤히 쳐다보다가 내가 누구랑 재밌게 대화하고 있거나 흥미갖는 주제에 궁금해서 듣고있거나 할 때? 내가 너무너무 얄밉다고 하거든? 근데 나도 현실에서는 저 상대방이랑 안친하고 벽쳐서 거리두는 관계아니고 나도 쟤랑 친하다고 생각하고 이런저런 얘기도 많이하는데 저 엔프제는 나랑 잘 대화하다가도 갑자기 나한테 뭐가 그렇게 얄밉고 섭섭한걸까 물어봐도 됐다하니까 알수가없어서 "
"255",18837,"엔프제는 보통 집에서 막내들이 많은거같다","니네는 어때 ? "
"256",18838,"ENFJ랑 썸타고 있는 ESTJ남이야","썸 초기에 여기와서 정보 많이 얻고 갔는데 정말 도움 많이 됐다.지금은 썸 막바지이고, 나는 T 상대는 F라서 공감, 감정표현에 대한 이야기를 많이 함.성격이 서로 다르지만 충분히 수용하고 개선할 수 있는 문제이고서로의 마음도 확인해서 조만간 고백하려고 한다. ENFJ갤 고맙다."
"257",18839,"Enfj 진짜 인간애 충전중","지난주에 헤어지고 너무 힘들었는데 enfj가 해준 말들이 너무 따뜻해서 이미 스며들어버림"
"258",18840,"엔프제 단체/개인 있을때 행동이랑 분위기가달라 ?"," 모임에서는 모임장 같은 사람이라  단체로 이야기할땐 말할땐 서로 눈도 자주 마주치고 해도 진행하고 있으니까 그러려니 싶다가 또  너무 뚫어져라 쳐다봐서 뭔가 싶다가   또 모임끝나고 옆에 앉아있길래 말이라도 한마디 붙여보면 눈도 잘 안마주치고 그러는데  모임할때 너무 쳐다봐서 혼자 오해한거 같은데 관심없는거 맞지 ?  "
"259",18844,"까였졍","몇번의 짝사랑을 해봤지만 이렇게 좋아해본 적은 처음이라…안보시겠지만 정말 좋아했어요 출근할때마다 얼굴 볼 생각에 너무 기분이 좋았고 힘들어도 안힘든 척 더 열심히 할 수 있었고, 말 한마디 한마디에 살처를 받아도 괜찮았고 까였지 머… 그냥 바운더리 안에 들어간 것 만으로도 만족 나도 조금 식기도 했고"
"260",18845,"엔프제들은 장거리 잘해??","엔프제들은 장거리 잘해?? 완전 해외 롱디 하게 되가지고.."
"261",18846,"엔프제 남자들 원래 돈 잘빌림??","사귄지 얼마 안된 엔프제 남친이 자꾸 돈얘기 꺼내고 은연중에 돈빌려달라는 것 같은 말들을 돌려서 말해서 맘식어서 헤어졌는데 원래 성향이  돈빌리고 그런거에 대해서전혀 조심성이 없나? 진짜 이해안감 ㅠ"
"262",18848,"베풀고나서가 너무 귀찮다","내 영역 안에 들이면 엄청 잘해주고 그러는데"
"263",18851,"엔프제가 차면 잡아도 재회 어렵?","궁금"
"264",18852,"엔프제 여자랑 절대 재회못하겠지?","헤어진 이유1. 성격이 안맞는거 같음2. 받기만해서 미안함 혼자있고 싶음크게 싸운적은 한번도 없고 그냥 맘이 식어서 둘러댄건지얘가 충동적으로 헤어지자할 애는 아닌데 존나 고민하고 얘기한거겠지? 한번 잡아봤는데 안잡혀서 깔끔하게 보내줬는데 인스타에 아직도 내 흔적 하나도 안지움사귄지 7개월 헤어진지 1달됨"
"265",18854,"엔프제는 본인이 잘 치대는 성격이라고 해도 ","다른 상대가 자기한테 선연락 자주하고 그런거 보면 이성적 호감인거 잘 알아채는 편이야? 아 지금 할말 고민중 어제 자기 전에 연락되고 잤는데 관련된 주제로난 인팁인거 상대도 알음...ㅋㅋ 근데 뼈인팁까진 아냐"
"266",18856,"엔프제는 자기가 좋아하는사람 만나지?","자기를 좋아해주는사람 보다자기가 좋아하는사람을 만나지?엔프제는 사랑꾼인데,  능동적인 사냥꾼임.사랑받기보다 사랑을 주는 이미지임."
"267",18857,"본능적으로 남들 챙기고 들어주는 성격인뎅..","ㅠㅠ 가끔 몸이 지쳐 (예를둘어 몸살..)근데 그래야 맘이 편해몸보다 맘이 편해야 좋은거같아.."
"268",18858,"여기는 질문글이 반에 시비거는글 반이야","질문글이야 꺼무위키에 엔프제 커뮤니티라고 당당하게 여기 링크 적혀있어서 찾아왔다 치는데.시비거는글은 시골중에 시골인 여기까지 와서 굳이 지랄하는거 보면 참 애잔하고 안쓰러움.또 한편으로는 꾸역꾸역 여기까지 와서 시비걸정도로 시간이 남아도는건 부럽네."
"269",18859,"요즘은 기분이 좋아","진짜 기분좋을때는 텐션이 제정신이아니야하루종일 방방뛰어도 에너지가 남아께속 이 기분이 지속됏으면 조켓다"
"270",18860,"잇팁이었는데 엔프제됨","나도 당황스럽네 ㄹㅇ…인프제랑 연애 진짜 안맞았었는데한편으론 내가 너무 쿨하려고 노력했나 싶기도 함"
"271",18861,"엔프제는 누가 선물 주면 다 쓰는 편이야??","사람대 사람으로 호감있든 없든??"
"272",18862,"아니 미친 얘드라 급해 ","지금 엔프제 짝남이 연극보러가자함. 며칠전에 연극좋아한다는 그런 대화 나누고 그랬었음... 둘이 가자는거같긴한데 이걸 확실하게 물어볼까 말까?? 둘이 가는거야? 하고 묻기가 약간 그래글고 이렇게 연극 둘이 보러 가자는정도면 호감있는거라고 봐도 되냐?? 난 인팁으로서 이정도면 걍 고백 수준인데"
"273",18863,"잇팁은 정이많은듯","정확히 어떤느낌인지는 모르겠는데 정이많음 "
"274",18864,"Enfj는 esfj를","나는 esfj 여자인데 enfj남 짝사랑중이야"
"275",18867,"아까 급하다 했던 앤데 둘이 가기로 함 호감 판단 좀","짝남이 먼저 연극 보러가는거 어떠냐 물어봄 (그 전에 관련된 대화를 함)첨에 내가 너무 좋다고 했다가.. 혹시나 여러명 다같이 가자는건가 싶어서,, 글고 또 괜히 묻고 싶어서 근데 우리 둘이 가는거냐고 물어봤더니 음 너 ㅇㅇ이랑 친하면 걔도 부를까? 이러는거임 근데 ㅈㄴ 안친한 남자애ㅋㅋㅋㅋ 그래서 아니..!!  했더니 누구 부를까 물어봄사실 나랑 얘랑 아는 여자애 꽤 겹쳐서 부를 애 은근 있거든?? 근데 이러는거야... (아근데 이건 너무 의미부여 같다)그래서 내가 너 ㄱㅊ으면 둘이 보러 가도 된다 하니까 그러자고 함이거 말고도 요새 친해져서 그런건진 몰라도 선연락 거의 맨날? 자주 오고 대화 어느정도 이어가고 그래.. 물론 나도 선뎀 자주하고 질문 많이 함이정도면 호감 맞아..? 문제는 상대가 엔프제라는거다"
"276",18869,"엔프제 꼬시는법","이쁘면 됩니다 수고"
"277",18872,"좀 꼰대 같은데 너네 나잇대가 어떻게 되니","나 삼십대인데 가끔 갤러리보면 10대 애기들도 있는 것 같아서.... 약간 현타가... 온달까.... ㅎ ㅠㅜ 나 혹시 늙은이면 이제 안오려고... 내 댓글 다 너무 올드해보일것 같아서 도움 안될듯"
"278",18873,"결국 인류애를 발동함.","관심가는 사람이 있었는디연락이 맥이 뚝뚝 끊기고 별로 만나고 싶어하는 것 같지 않아서주변 사람들에게 고민상담 끝에 손절을 함.인스타도 차단했고...한편으론 후련하고 한편으로는 미련이 남았는지 우울했음.근데 정말 마음이 많이 갔는지 다른 사람들 의견과 상관없이2일만에 인스타 팔로우를 다시 시전함.뭐 상대방이 워낙 팔로워가 많으셔서 알아채지 않을 수도 있는데...나도 반 포기하는 심정으로 내곁에 아는 사람으로라도 두고 싶어서 요청함.역시 마음가는 사람을 주변사람들에게 떠밀려서 손절은 못하겠다 ㅠ물론 상대가 연락 매너가 많이없긴 함바보같은 나 위로가 필요해서 걍 대충 글 써 ㅠ"
"279",18874,"여사친한테 이상한소리 들었는데","친해진지는 이제 1개월 좀 넘은 인프제랑 요즘 같이 다니는데 "
"280",18875,"enfj녀한테 선톡 거의 매일 오고 보통 자기 힘든 얘기 털어놓는데","호감일까 호의일까? 나는 isfp !!"
"281",18876,"엔프제들아","너네가 다 그렇다는건 아닌데.. 내가 엔프제 극혐하는 이유1. ㅈㄴ 감정이 이성보다 앞서는 유형 1등2. 자기한테 조금만 밉보여도 바로 뒷담에 정치질 시작3. 잘해주면 당연하게 생각함4. 자존감 낮음 남시선 존나 신경쑴"
"282",18878,"세상 모든 사람들 행복햇으면 조켓어","커플만 빼고커플 다 죽어죽어죽어죽어죽어"
"283",18881,"얼마전에 존나 충격받았던거","엔프제들은 도덕관념 높지 않았냐..?내가 아는 엔프제 형이 성매매경험 자랑스럽게 풀어서 존나 당황했음, 어릴때 동물 죽인거나.. "
"284",18887,"인프피가 보는 엔프제","상대에게 30%를 알려주면 100%의 결과물을 들고 오길 원함기대하고 있는 사람이 기대를 깨면 행동양식 변화있음 (예를 들어 침묵을 하거나 평소와 다르게 단호하거나 띠껍거나)근데 사람 존나 좋아함 지 바운더리에 들어오면 물불 안가리고 잘해줌전여친 진짜 미련 못버리는 것 같음직장에서는 자기말고는 다 일 못하는걸로 취급함 한마디로 자기가 짱남 시킬바에는 자기가 끝내자는 마인드심리 좋아함 눈치 진짜빠름사람대 사람으로썬 참 믿음직스럽고 좋은데 직장에선 흠"
"285",18888,"이사람 enfj같은데 잘되고 싶다","동호회에서 만난 사람인데"
"286",18890,"엔프제는 한번 거절하면 끝이야?","사귄지 2주 정도 됐다가 엔프제가 자기 마음은 그대로고 자기가 더 좋아하지만 환경적 변수 때문에 더 사귀는 건 나한테 못할 짓 같다고 차였어..근데 또 절친한테는 너무 좋아해서 힘들다고 엄청 한탄했다 하더라고.. 그거 듣고 연락했는데 나한테는 다시 못 사귄다고 못박았어이런 건 그 요인이 해결될 때까지 기다리는 수밖에 없겠지? 만약 그게 해결되고 난 뒤에는 내가 다시 연락하면 재회할 가능성 있을까?처음 사귄 건 얘가 고백했던 거였어.."
"287",18891,"너네도 작은 일 잘한걸로 생색내냐","난 좃만한거 별것도 아닌거 잘 해낸거 주변에서 칭찬 안해주면  생색 뒤지게 내는데 정작 진짜 존나 어렵고 복잡했던 일들 해내고 칭찬 받으면 가만히 있음.."
"288",18892,"이 노래","검정치마-기다린 만큼,더enfj 같아. "
"289",18893,"ISFP 남자고 ENFJ 여자분이랑 연락 중인데 어떤지 봐줘(고봉밥주의)","  진짜 두서도 없고 글도 못쓴 가독성 별로의 고봉밥이니까 시간 남아서 읽을 거 없는 분만 읽고 답변해줄 거리가 있으면 본인 생각 적어주면 고맙겠어. "
"290",18895,"엔프제 어른스러운 여자 스타일 좋아해? ","내 원래 성격은 걍 무뚝뚝하고 독립적이고, 썸남이랑안만나도 혼자서 잘 놀고 일하며 잘 사는 스타일인데.. 엔프제남이 좋아지고 나서 애교가... 주체가 안돼 연락할때 나도 모르게 업되서 자꾸 이모티콘 남발하고하는 말마다 ㅇ 붙이고 이러는데 자제하려고 해도 안되서...근데 엔프제남들은 어른스러운 여자스타일 좋아한다고들어서 막 애교 많은 타입은 별로지? "
"291",18896,"엔프제는 누가 치근대는게 싫으면 연락온다 소문내는편임?","엔프제녀 내가 호감있는거 아는거 같은데내가 그분이랑 갠톡하는걸 주변에 모르는 사람이 없음;;동네방네 소문 다내고 다님..."
"292",18897,"아 금사빠 어케 고치누 ㅜㅜ","맨날 금사빠되서 힘드러어떻게 해야 고치누 맨날 사람 피해댕김 ㅜ"
"293",18905,"난 천사야","그리고 천재에귀여움내가 여자엿으면 바로 따먹음"
"294",18909,"엔프제 짝사랑하는 얘들아 엔프제 꼬시는 팁 준다","사랑한다고 들이박아"
"295",18913,"사육당하는 느낌인데","내가 생각하는 엔프제는 천사 97% 악마 3%상처 안줄려고 선의의 거짓말 선의의 가스라이팅 엄청 해대는데 내가 통찰이 강해서 아예 안 통하는 타입이거든천사가 애써서 가스라이팅 해볼려 했는데 안 통한다 ?  악마 나오더라 존나 스트레스 받아서 그래서 요새는 그냥 모른척 당해줌 속은척 하면서 ㅇㅇ 근데 항상 느끼는건 사육당하는 느낌날 바라보는 시선이 내가 키우는 목장에 있는 양 1마리 이 느낌 "
"296",18914,"엔프제남이 여유가 없어서 연애생각이 없어보여","내가 먼저 친해지려고 노력해서 바운더리 안에도 들어갔고 나한테 하는 행동이나 말 들어보면 좋아하는 건 아니더라도 호감정돈 있어보이는데 일이 너무 바빠보여서 더이상 들이댈 수가 없어ㅠ 약속 잡으려고 해도 항상 일하는 중이고..ㅠ 최소한 올해 내내 계속 바쁠거라는데 기다려야되나..ㅜㅜ"
"297",18916,"내향인들한테 어떤식으로 다가감?","관심있다는 전제에"
"298",18917,"부정하고싶긴한데 난 확실히 금사빠임","근데 그럴수밖에 없는게 그냥 웬만한 사람들은 남자여자 안 가르고 원래 사랑스럽게 느껴진단말이지여기에 대화를 하면서 서로 개인적인걸 알아가기까지하면사랑할수밖에없는걸?"
"299",18918,"답장이 늦은 이유 말하는거","이거 그냥 안읽고있던거 구라치는거지?"
"300",18921,"외모 안본다는 엔프제","진짜 성격 이상하고 변태같은 놈인데 학벌좋고 돈많고 공부 잘하는 새끼랑 좋다고 연애하러가더라 "
"301",18923,"내가 썸이 금방 식은이유..알려줄게","나 enfj인데 다들 왜 읽씹했냐길래 적어봅니다 진짜 별거없고 같이 술먹다가 상대가 속트름했는데 냄새가 났음 ㅠ 그뒤로 연락하기 싫더라 미앙하다.."
"302",18924,"Enfj들 호감있으면","데이트한지 하루만에 사귀자고도 해?"
"303",18925,"진심 더러운 습관만큼 정 확 떨어지는게 없음..","예전에 소개팅한 여자애 쩝쩝충이었는데..진심 정떨어짐같이 밥먹기도싫어"
"304",18926,"방금 짝남이랑 통화 했는데 어색했음ㅠ","대화를 아예 안 한건 아닌디 좀 갑자기 해서 그런가 할 말이 딱히 없어서 대화가 잘 안 이어지고 금방 끊음...긴장 돼서 그런가 겁나 버벅대고 했던 말 또 하고 ㅋㅋㅋㅋ디엠은 진짜 자주하고 어제는 새벽에 한 2시간인가 했단 말이야 근데 전화는 좀 어색했음ㅠㅠㅠ 근디 그래도 또 하고 싶은데 어케.....전화할 때 어떤 식으로 말을 해야되냐짝남 엔프제고 근데 거의 다 반반인 편이라 함"
"305",18929,"엔프제짝남이랑 밥 먹기로 했는데 각자 내야겠지?","10대라는걸 고려해줘근데 얘가 나 있는 데 근처로 와줘서 먹는거란 말임차라리 그래서 고맙다고 내가 사고 담에 이걸 빌미로 또 얻어먹으려고 만날까ㅋㅋㅋ"
"306",18934,"엔프제남자","성적취향 사디스트많음?"
"307",18935,"엔프제들아 질문좀","헤어진지 4개월된 전여친 있는데 사람들한테 나 불편하다고 하고디니고 그냥 내 얘기를 아직도 하고다닌다는데 이건 뭔 심리야 대체ㅔ"
"308",18937,"너네는 바쁜상황 기다려주면 호감이 생김?","내 짝남이 엔프제인데 4살차이라 좀 나고 지금 일이 바쁘거든 그래서 나도 저돌적으로 플러팅은 못하고 천천히 친해지기부터함 그래도 내가 좋아하는 티는 좀 낸듯 최대한 부담은 안주려고 노력함 엔프제인 내 친구가 내가 한 플러팅에 짝남이 한 말이나 행동 듣고는 하는 말이 상대방도 나한테 호감은 있는데 지금 너무 바쁘고 여유가 없어서 이성적인 호감으로 발전 안되게 나한테 다가가는걸 통제하는 느낌이래 또 바쁜 와중에 날 좋아해주는게 고맙고도 미안하다는 생각이라서 기다리면 이성적 호감으로 넘어갈 가능성 있다는데 이게 가능함?"
"309",18939,"엔프제남이랑 쌍방인 거 거의 확실한데 고백할말","원래 나 혼자 조용히 좋아하고 있었는데 요새 얘가 갑자기 나한테 관심을 보여서 연락 엄청 자주 하게 된지는 일주일 좀 넘음. 너무 성급한가... 근데 걍 빨리 사귀고 싶어서ㅋㅋㅋ이번주에 보기로 했는데 먼저 해버릴까근데 또 문제가 나 고백해본 적 없음 멘트 ㅊㅊ좀 도대체 무슨 상황에서 어떻게 해야함ㅠ 꼭 이번엔 안하더라도 좀 알아둬야겠음"
"310",18940,"인생 헛 살았구나","이별후에 일만 하고있는데 "
"311",18947,"enfj 밉다","나 혼자만의 세계에 들어와 보기싫어도 보이기만 하는 네가 밉다"
"312",18950,"도움좀..","짝사랑 어떻게 끝내?이미 그사람하고는 끝났는데 왜 자꾸 생각날까..모르척하고 지나가려고해도 그사람 보면 나도 모르게웃음나오고선연락 거의 안하는데 선연락해주길 바라고그냥 용건 연락인데도 괜스레 가슴뛰고...그사람하고 안 맞고 나한테 상처준사람인데계속 마음속으로는 생각나고시간이 지나면 괜찮아 지려나 짝사랑 끝내기 이리힘든건 이번이 처음이라 그런건지 어떻게 해야해?,.."
"313",18951,"enfj는 남들한테 오해 받는다고 하면서","정작 enfj 본인들은 별거 아닌거에 의미 부여 잘하더라내가 느끼기엔 enfj는 자기가 관심없는 사람이면 아무생각 안하거나 오히려 친절을 부담스러하고관심 있으면 지나가는 말 한마디에도 의미부여 하는듯근데 반대로 다른사람이 자기한테 그러면 엄청 부담 느낌어제 꿈 꿨는데 너 나왔다 < 이 말 한마디 했다가 enfj한테 오해받고 내가 여지 줬다고 나 나쁜사람 만들어서 어이없는 중임친절과 호의는 enfj만의 전유물이 아닙니다.."
"314",18954,"eNFJ야,","너를 처음 만났던 날 바로 알았어내가 찾던 사람이 너였다는 걸넌 몰랐겠지만, 너도 나를 곧 그렇게 바라보게 될거라는 걸 말야원래 조심성이 많아서 먼저 다가가지 않는 수동적인 연애만 해오던 나였는데너는 마치 ‘열린 교회 닫힘’ 같은 남자라서좀 더 많은 표현을 해야 할 것 같단 판단을 내렸고너의 연락이 호의인지 나를 향한 호감인지,내게 하는 수많은 질문들이 단순 호기심인지 이성적인 관심인지 확인할 시간이 필요했을 뿐이야이제 내 고민은 끝났어애초에 많은 고민따윈 하지 않았지만ㅎㅎ자꾸 내 이상형이 뭔지, 친구 깻잎 떼어줘도 되는지, 모두에게 친절한 사람을 어떻게 생각하는지 그만 물어봐도 돼;뭐든 니가 원하는 답을 줄게. 너에게 모두 맞출거야내 전부를 줄테니까 아무것도 걱정하지 마날 너에게 던질 준비가 되어 있어니가 나를 꼭 잡아줘!이제 니가 나를 알아봐 줘사랑스럽고 귀여운 나의 엔프제야니가 어떤 삶을 살았든, 어떤 결핍을 가지고 있든,그런 건 아무래도 상관 없어너는 내가 선택한 유일한 사람이니까그만큼 빛나고 가치 있는 소중한 존재이니까나랑 함께 가자처음 느껴보는 넘치는 사랑을 너에게 줄게너라면 내 깊고 차가운 오랜 외로움을 녹여줄 수 있을 것 같아너의 고민도 이제 끝났으면 좋겠어천천히 기다려줄게그래도 너무 오래 기다리게 하지는 마빨리 일요일이 왔으면 좋겠다. 그치?"
"315",18955,"인티제 남자인데 세 살 연하 엔프제 여자한테 반한 거 같아...","엔프제... 너무 착하고 가치관이 너무 멋있음 "
"316",18956,"짝사랑으로 맘고생 해본적 없음","맘에들면 무조건 직진안돼도 어쩔수없지진짜 좋아하는 사람이면 내가 그 사람을 가져서 내가 얻는 행복보다그냥 그 사람이 하고싶은대로 하고 그 사람이 더 행복해지는게 더 좋아정말 갖고싶은 사람이라면 그 사람을 어떻게 하면 가질수있을까 고민할 시간에나를 좀 더 사랑해서 그 사람을 사랑해도 괜찮은 사람을 만드는게 더 낫다고 생각했어"
"317",18958,"상대 엔프제인데 나 좋아하는건가....?!","재수하고 있어서 지금 연애할 생각은 없는데내가 아파서 계속 결석했거든 근데 그동안 이 친구가 학원을 끊었대디엠 와서 나 어떻게 찾았냐고 물어보니까 나랑 친해지고 싶어서 마지막 날에 인스타 물어보려다가 내가 학원 안 나오니까 이름 쳐서 찾았다는거양근데 대화하면서 내가 우리 짱친할 수 있겠다~ 일케 말하면 안된다 그러구 (왜냐고 물어보면 비밀이얌 이래) 인스타 아바타보고 널 못따라가네 이러구 귀엽다고 그래내가 엔프제를 이 친구로 처음 접해보는거라... 이게 그냥 모두한테 친절한건지 날 좋아하는 건지 잘 모르겠어...!!!! 워낙 조심스럽고 의심이 많은 성격이라 나 혼자 김칫국 드링킹한 게 아닌가 싶어서...^ㅁ^엔프제 친구들아 이거 나한테 호감 있는구야..? "
"318",18959,"enfj여자 한테 직접적으로 물어봐도됨?","단도직입적으로 들이대도되나요? "
"319",18965,"Enfj 여자는","어떻게 호감 표현함?"
"320",18966,"엔프제한테 고맙다고 해서 고마워","나는 고맙다고 하는 니들이 더 고마워 고마워 정말 솔직히 그 말 듣고싶어서 좋은일(?)하는거야"
"321",18970,"엔프제 밀당 싫어해?!","ㅈㄱㄴㅈㄱㄴㅈㄱㄴ궁금해내가 안 좋아해서..ㅎ.ㅎ.ㅎ.ㅎㅎ"
"322",18972,"자긴 한번 끝내면 정말 끝이다 차단한다 해놓고","얘기하고 싶으면 연락해라 보러간다혹시라도 하고싶은 얘기 있으면 연락하라고 하는 심리는 대체 뭘까요거만해서 열받음"
"323",18973,"엔프제남 알려줘 ","매일 먼저 스토리 디엠 보내놓고 읽씹하는 이유가 뭐임"
"324",18977,"엔프제 보통 친구 -> 연인 으로 발전함?","소개팅으로 만나는 편??너네들은 어떤 편임?"
"325",18980,"Enfj여자가","판단하기에 호감? 호의?Enfj여자가 영화관련 스토리 올렸길래, 내가 스토리 답장보내서 토요일에 둘이 보게됨 (둘이본거는 이번이 처음, 친구들이랑 본거는 3번정도)만나고나서, 다시 또 놀자고 보내니,그래 곧 놀자 라고 답와서, 내가, 나 영화 무료티켓있는데, 돌아오는 토요일에 보러가자고 함.(근데, 내가 깜박한게  enfj여자가 토요일날 제주도 간다고 했음)그래서 그여자가 이번주 토요일에 제주도 간다고, 그 다음주 토요일에는 괜찮다고 함. 그래서 만나기로 함이거 그냥 내가 만나자고해서 하는 호의인가 흠.."
"326",18981,"얼굴 손으로 가리고 쳐다보는거","학교에서 오며가며 마주치는 엔프제가 있음!서로 얼굴만 알고있음난 얘를 짝사랑중ㅜㅜㅜㅠㅜㅠsns둘러보니 얘가 mbti관심이 많은건지엔프제 부심이 있는지 인ㅅ타에 모든 게시물에 본인 엔프제라고 해쉬태그 하더라공!!무튼..예전엔 힐끔거리면서 쳐다보다가 나랑 눈마주칠 즈음에고개 반대로 돌리는게 반복되더니지난주엔 얘가 나를 몇번 쳐다봐서 눈이 마주쳤는데오늘은 멀리서 서로 보다가나랑 눈마주칠 즈음에 손바닥으로 지 얼굴을 가림?????????????힝..싶어서 옆을 봤는데 손틈? 지 손가락 틈으로 나를 쳐다봄비유를 하자면공포영화 못보는 사람들이 손으로 얼굴 가리고영화 꾸역꾸역 보는 느낌??이렇게 쓰니깐 내 얼굴이 공포영화인가 싶어 씁쓸해지네..휴무튼엔프제 남자들아만약 본인이 이런식이면 왜그런거야ㅜ1.여지주기 싫어서2.여자 얼굴이 진짜 공포영화라서3.그 외 기타..본인 생각 적어주면 고마울것 같앙!!!"
"327",18983,"연애하고싶어 돌겟네","어디가야 여자만나지"
"328",18988,"엔프제.. 계획이 철두철미한 편은 아닌가??","약간 약속 있을 때 식당 문 여는지, 영업시간은 어떤지  확인해 보는 편은 아닌가?"
"329",18989,"엔프제 남자 어케 꼬셔!!!","난 인프제양... 사실 상대방이 먼저 나 좋다거 티내고 잇는데 나도...! 플러팅하고 시퍼 근데 뭘 좋아할 지 모르겟어"
"330",18990,"이놈 바람둥이 맞지? 이런게 호의라면 진짜 가벼워보이는데","깻잎논쟁 같은것도 뜨는 세상인데 술 대신 먹어주고 흑기사로 같이 아이스크림 사러가자는 놈이 enfj인데 이거 뭐야? 근데 얘 왜 여친 있는데 나한테 이러는건데?? "
"331",18991,"enfj 여자한테 들이대는증인데","카톡 보내면 그담 지나서 낮에만 답장이 와 "
"332",18992,"mbti 유형 마이너 갤러리의 에니어그램 추측","이 글은 갤러리의 전체적인 분위기를 기반해서 작성한 글임 "
"333",18993,"엔프제랑 썸붕났는데 다시 연락해도 될까?","한 달 정도 됐는데 썸 탈 때도 그렇고 얘만큼 잘 통하는 사람, 좋이했던 사람은 없는 것 같아. 얘가 날 어떻게 생각할 진 모르겠는데 한번만 더 만나보고 싶어서"
"334",18994,"엔프제 바람둥이 새끼들 개새기들..","엔프제 이미지 다 망치네..근데 그것도 능력이긴해.. 솔직히 나도 맘만 먹으면 바람 오지게 피고 다닐수있을거같음..근데 그렇게 해서 남는게 뭐냐..영원한 사랑을 꿈꾼다....애니 너무많이봤나.."
"335",18998,"Enfj여자는 보통","어떤식으로 썸을 타게돰?카톡같은거 별로 안좋아하는거 같던데썸타거나 연인사이되면 카톡많이하나 흠?"
"336",18999,"엔프제한테 톡으로 할 말 없으면 안하는게 맞겠지?","공적인자리에서 만났을때는 서로 말 많이하는데 선톡은 뭔가 무슨 말을 해야할지 모르겠네.. 일단은 상대의 마지막 말 이모티콘에 따봉 눌러주고 끝냈는데 "
"337",19000,"애들아 나 intp에서 enfj로 바꼇어","안녕~~~"
"338",19001,"Enfj여자들은","보통 조용하니? 친구들 사이에서 만난 enfj여자를 저번주 토요일날 둘이서 처음봤는데,조용하던데, 그래서 내가 질문을 하면 답변을하고 뭔가 인터뷰같기도하고, 내가질문안하면 조용하고, 뭔가 티키타카가 잘안되는거 같기도하고, 원래 보통 대화가 주고받아야하잖아, 나한테도 질문을해서 왔다리 갔다리 하는게 대화인데.. 내가 별로인가?만남이 끝나고, 그냥 즐거웠다 다음에 또 놀자 이러니, 그담날에 재밌었다,그래 곧 놀자 이런식으로 연락이 와서,그냥 내가다음주 토요일에 시간되냐 물보니, 이번주에 여행가는데, 그 담주에는 시간된다고 하더라그래서 그 담주에 둘이 보기로 했음이게 뭐지 흠.."
"339",19002,"본인 intp였어서 그런지 iq도 짱높음!",""
"340",19005,"엔프제녀한테 생일선물 에어팟줄라고하는데","몇달전에 잃어버려서 암것도 안쓰고잇길래 하나 줄라고하는데 "
"341",19006,"너네가 차놓고 미련 가지기도해?","그런 경우가 있다면 혹시 어떤 경우인지 알려줄 수 있을까?"
"342",19007,"엔프제남이랑 연애하고 있는 사람들","장점 좀 알려줘"
"343",19008,"이야기할때 다른곳보고 폰보면 노관심 맞지??","포기할게"
"344",19009,"엔프제 바람둥이 많다는 거 진짠가","지금 잘되어가는 엔프제가 있는데걔 사주에도 바람기 있다고 나와서ㅋㅋㅋㅋㅋㅋ이거 뭐냐사주 개소름시작도 전부터 신경쓰이네"
"345",19011,"너넨 불도저처럼 정신없이 들이대면 좋아??","상대가 아주 싫은 사람은 아니라는 가정하에"
"346",19012,"Enfj 여친이랑 헤어질려고해","근처에 남사친이 너무 많고 약속도 너무 많아 나는 한달에 2번 정도 겨우 내가 보자고해서 보는데 친구들을 보는 약속이 일주일에 1~2번  무조건 있으니까 힘들다 만나면 잘통하고 좋지만 그냥 여기까지 인거같아"
"347",19013,"쿨하게 헤어졌는데 여지를 남기는건 뭐죠","상대는 enfj 남자 입니다붙잡지도 않았고 쿨하게 헤어졌는데마지막에 여지를 남기더라구요힘들면 연락하라는둥 얼굴보자는둥왜이러는 걸까요?"
"348",19015,"틀딱 아재고 일한지 10년 되가는 전문직종사자인데","틀딱 아재고 일한지 10년 되가는 전문직종사자인데 솔로 외톨이다 다행이 모솔은 아니지만 와꾸가 그렇게 훌륭한 편은 아니다.,,,,고민이 잇다15살 어린 여자아이가 (대학생) 좋아졋다머리로는 나이차가 너무 나서 안된다고 생각햇는데 막상 이야기해보고 몇번 무리로 만나다 보니까 그냥 조아졋어카톡으로는 어버버거리고 찐스럽게 질문만 해대서 답은 잘안오지만 (와도 단답형으로옴) 그 친구만 생각하면 저절로 웃음지어지고 행복호르몬 나오는거같음. 누군가를 이렇게 좋아아해보는게 너무 오랜만이라 이런 순간순간이 너무 좋은데 그게 또 나이가 한참 어린 학생이란게 현타오기도 하고. 결혼생각을 해야 할 나이인데 이러고 잇음에도 현타오고,,, 우선 결혼생각은 던저버렷고 그 친구랑 어떻게 하면 친해질수 잇을까 하는 생각만 한다. 그러다가 카톡 답오면 진짜 개병신마냥 헤벌쭉 아무것도 못하고 일상생활이 안됨.밥먹자고 햇는데 단둘이는 불편하다고 거절당해서 어떻게 해야될지 모르겟는데 요즘 어린 mz친구들은 연인관계로 발전하려면 뭘해야됨? 아재좀 도와줘"
"349",19017,"너넨 같은실수 반복해서 하는 사람 손절할 정도로 정떨어지니ㅠ","난 왤케 주의집중 못하고 덜렁대는걸까ㅏㅏㅏㅠㅠㅠㅠㅠㅠㅠㅠㅠㅠㅠㅠㅠㅠ"
"350",19018,"infp) 엔프제랑 친한건지도 모르겠어요 ㅠ ","저가요 인프피 남자인데요  좀 오랫동안 짝사랑한 엔프제 여자애가 있거든요 알게된지는 한 삼년 된것같은데 제가 너무 뚝딱거려서 그렇게 막 편한 친구는 못됐구 걔는 술마시고 친구만나는거 되게 좋아하는데 저는 혼자 헬스하고 공부하고 이런거 좋아하고 술자리는 한번도 참석 안해서 그냥 만나면 반갑게 인사하는 정도 그리고 한 반년에 한번정도 둘이 만나서 밥한끼 먹는정도 저를 인간적으로 싫어한다는 느낌은 아닌데  먼저 톡해서 할말도 없고 귀찮게 군다고 싫어할까봐  저도 딱히 먼저 톡 안하고 걔도 먼저 연락 안하고 그러다가 무슨 이유로 연락이 되면 잘 놀아요 말도 잘통하고 근데 만나고나면 다시 한 몇달간은 서로 연락 X 그리고 약간 자기 얘기를 잘 안하려고 하는것같고  친구를 범위로 나누면 자기 일상까지 나누는 편한 친구는 아니라는 딱 선긋는 그런 느낌을 강하게 받아요 저는 이성적인 호감을 떠나서 인간적으로 되게 좋아하고  본받고싶은 그런 친구고 엄청 용기내서 그걸 좀 표현했는데 되게 좋아하긴 했는데 그래도 친해졌다는 생각은 안들고 약간 마음은 닫혀있는데 인간적으로 나쁜사람은 아니니까 이정도 거리를 두고 대화하자는 스탠스가 느껴져서 이게 친한건지 아님 그냥 직장동료처럼 싸울필요는 없으니 적당하게 좋게좋게 그런 사이인건지 그리고 저는 연애는 안하더라도 뭔가 더 친해지고 싶은데 그리고 나름 노력했는데 이런 선긋는 느낌을 받으니까 약간 그냥 내가 혼자 너무 오바했나? 이런 생각이 들고 좀 힘들어서 ㅠ 제가 넘 찐따 씹프피라 답답해보였으면 미안합니다 ㅠ  조언 부탁드립니다."
"351",19020,"네가 점점 좋아져 큰일이야","내일이 없는 사람들처럼 끝없이 이어지는 새벽 통화하루의 시작과 마무리를 함께하는 수많은 카톡들서로의 취향과 일상을 공유하며 궁금해하는 사이시덥잖은 대화마저도 웃음이 끊이지 않는 우리이거 사랑 맞지?내가 아는 한, 이게 사랑이 아니면 이 세상에 사랑은 없어좀 더 여유를 가지고 너에게 다가가고 싶었지만그러는 사이에 내 마음이 너무 커져버렸어어떡하면 좋아?네가 좋아. 네가 너무 좋아 엔프제야말하고 싶은데너에게 부담이 될까봐그래서 모든 걸 망쳐버릴까봐 걱정돼이건 정말 나답지 않은데 자꾸 그런 생각이 들어난 우리가 좋은 연인이 될 수 있을거라고 확신하거든그런데 네가 먼저 내 손 잡아주기를 기다리는 건 너무 애가 탄다네가 날 가졌으면 좋겠어하루종일 네 생각이 머릿속을 떠나지 않아너는 어떨까?널 만나는 날이 오면 알 수 있게 될까?빨리 보고 싶어"
"352",19022,"엔프제녀 생일 편지받는거 좋아함?","오글거리는거 안싫어함? "
"353",19023,"예쁘다는 칭찬 좋아함??","외모 관련된거라 살짝 주저하게 되네내가 관심있어서 들이대는 상태"
"354",19024,"하나만 알려줘","그냥 차단하고 투데이 올리고백퍼 멀티는 아니야 히스토리 다떠헤어지고 프로필 차단안하고 그냥 메세지만 차단하는이유가 뭘까 ?심리가 궁금해"
"355",19025,"ENFJ를 기쁘게 하려면 후천적 노력을 칭찬해주면돼?","선천적인 재능들 말고 "
"356",19026,"너네 이말 동의함 ?","1. 마음이 따뜻한 사람은 선악관이라는 이분법적인 세계관을 가지고 산다.사람을 선한사람=내가 베풀고 따뜻하게 해줘야할 사람 악한사람=내가 신경안써도 될 사람왜냐면 아무리 마음이 따뜻해도 모든 사람에게 관심과 배려와 따뜻함을 나눠줄 순 없기 때문에동의함 ? 2. 위 말을 너에게 하면 어떨꺼 같음 ? "
"357",19027,"엔프제랑 진지한 얘기","호감있는 사람이랑 오늘 처음으로 그냥 각자 미래 얘기나 가치관 등 얘기했는데 엔프제 생각보다 진지한 얘기 좋아하는 것 같던데 좋은 신호지?"
"358",19028,"엔프제들아 질문","내 전여친이 엔프제인데 존나 잘해줬거든 내가? 지도 알거임 아마 모르면 진짜 개새끼고 근데 너무 안맞아서 헤어졌는데 잡아도 내가 단호하게 끊어냄 그 이후로 나랑 친한 애들한테도 내 뒷담까고다니고 아예 모르는 애들한테도 내 얘기 ㅈㄴ하고 사실도 왜곡하고 지 뇌피셜을 말하고 다닌대 예를 들면 내가 지한태 아직도 미련있고 ㄱ신경쓴다 이런식 ㅇㅇ 듣고 무시하고있는데 ㅈㄴ빡치는데 아케해야함"
"359",19029,"엔프제는 왜 이렇게 사람을 못 놓는거야","그렇게 나쁘게 대하는 상대였음에도 불구하고"
"360",19031,"엔프제들아","너네가 인간적으로 친해지고싶은 사람이 있어서 노력많이했는데상대방은 딱히 친해질 생각도 없어보이고 무관심하면너네는 어떻게 행동해?"
"361",19032,"Istp인데 enfj랑 진짜 상극인듯","달라도 너무 달라 "
"362",19034,"나도 누가 나 좀 좋아해줬으면","아니 진짜 그냥 말로 좋아해~ 이런거 말고진심으로 누가 날 좋아해줬으면 좋겠다..내가 그렇게 매력이 없남.."
"363",19037,"엔프제랑 집데이트하고싶은데 도와줘","한번 얘기했는데 자기는 밖에 돌아다니고 놀고싶대 난 완전 집데이트 좋아하거든 ㅜㅜ 밖에 있으면 스킨십도 못하고.. 난 집에서 놀면 같이 떠들고 영화도보고 밥도 시켜먹고 하루종일 껴안고 뽀뽀하고싶은데밖에서 데이트 하고싶어해 .. 솔직하게 집에서 편학 껴안고 뽀뽀하고싶은데 나랑 집데이트 해줘 라고 말할까??참고로 관계도 가졌지만 ,내가 관계는 별로 하고싶어하지는 않아서 막 하자고 한적은 없어 "
"364",19038,"얘 나 호구 잡으려는 거임?","난 21이고 남자친구는 21임 얘랑 사귄지 6,70일 정도?인데 자꾸 은근슬쩍 ~갖고 싶다 하면서사달라는 뉘앙스 풍기는데 한두 번 아니거든 해외에서 한국에 유학 오는 애라 이번에 오면 자취하는데 나랑 이동수단 얘기하다가 내가 따릉이를 알려줬더니 며칠 뒤에나보고 따릉이 정기권 끊어달라는 거야 이건 해줄 수 있는데 그 뒤에 나 돈 아끼고 싶어 이러는 거그래서 여기서도 ? 했음얘 얘기하는 거 보면 돈 아껴서 누나랑 밥 한번 더 먹는 게 낫지 않나? 하면서 밥 같은 거 다 살 생각 하는 것 같은데 나도 연하만나는데 얘한테 막 다 얻어먹고 싶지도 않고..  근데 또 평소 얘기하는 거 보면 나한테 애정적으로 잘하는 것 같은데 헷갈림 전남친한테 하도 데이고 호구 잡혔어서 작은 것만 걸려도 뭐지? 싶고사람을 못 믿겠음.."
"365",19042,"넌 내꺼야!!!","엔프제 꼬시기 성공인가 후후후아닌가 내가 꼬셔진 건가;;;아무렴 어때내가 다 떠먹여줬으니까 고백은 니가 해!!!!!"
"366",19048,"엔프제들아","같이 노는 4명 무리가 있거든. 다 친하긴 하거든? 진짜 별 이야기 다 하는 사이인데거기서 나만 남자고 나머지 3명은 여자야. 그 중에 한 여사친이 ENFJ인데특징들이 ENFJ랑 너무 달라,,, 대화를 할 때 ENFJ가 티키타카 잘 해준다고 하는데, 걔는 이야기를 하다가 그냥 자꾸 대화를 끊어. 그냥 그것에 대해 뭔가를 더 이야기 못 하게?근데 그러다가 또 말걸고... 그래서 내가 이어가려고 뭐라뭐라 하는데 또 그러다가 뭔가 더 이야기 못 하게 끊어버리고. 그리고 가끔 나한테 틱틱거리고.나 뭐 잘못한 것도 없는데... 왜 그런거야..??"
"367",19049,"할 거 개많은데 미니게임천국만 하는즁..","하.. 재밌다.할거많은데 흠"
"368",19051,"엔프제랑 사귀는 잇팁인데","나 이십대 중반 잇팁 / 오빠 이십대 후반 엔프제 오빠 직업이 안정적이지 못해서 가치관이 다른 것 같아서 시간 갖자고 그랬거든근데 진짜 식음을 전폐하고 며칠을 울면서 난 너를 위한 인생을 살 수 있다고 너만 있으면 돼 꼭 공부해서 안정적인 직장을 갈게 하고 공무원 공부하는 걸로 됐고 오빠도 알아보면서 열심히 하는 것 같은데이게 내가 사랑의 감정인지 동정, 연민의 감정인지 모르겠는거야나는 나랑 만나는 게 오히려 오빠한테 해로울 수 있다고 … 이러니까 나 때문에 헤어진다는 그런 멍청한 소리하지 말라고 우네넌 내 인생을 구원해줬다고 (내가 한 어떤 말들이 있는데 거기서 너무 위로를 받았나봐) 해서 내가 오빠가 아니라 누구라도 그런 얘기했을 거야 그래도 웃으면서 그래도 자기 인생의 1순위는 너라고 말해 ..공부하는 건 좋아 근데 이게 나때문에 하는 게 아니었으면 좋겠어 … 결과에 따라 나를 원망할까봐그니까 나를 너무 의지해서 겁이 날 때가 있어나도 정신과 상담받는 환자인데 나에게 너무 많은 걸 받았고 너무 날 좋아하니까 의아하고너희가 봤을 때 오빠가 불건강 엔프제인 거 같아?사실 가치관 안 맞았던 건자긴 10억 주면 감옥도 갈 수 있다 <- 내가 여기서 뭐라 하니까 자긴 그만큼 널 위해선 뭔들 할 수 있다고 얘기해내가 원하는 건 그런 게 아니잖아그 밖에도 연락에 좀 집착하는 게 있었고 밥 사진 안 찍어보내면 속상해했고 서로 동의 하에 위치어플 깔았었어 그리고 부모님도 사귄지 2달? 됐을 때 소개해주더라 이건 좀 놀랬는데이러다보니까 주변은 다 반대했지 …조건만 보면 주변 사람들이 너가 왜 그런 앨 만나? 상대방 지인들은 그런 여자가 왜 널 만나? 할 정도였거든특히 우리 엄마는 이 사람 배경 학벌 이런 거에 엄청 예민해서진짜 엄마도 헤어지라고 울면서 반대했어…그래도 난 이렇게 다정하고 나만 보는 사람 없다 싶었어내가 아기를 못 (안) 낳거든그것도 이해해주기도 하고근데 난 연애가 처음이라 원래 이런건가 싶기도 했는데…내가 사랑이란 감정이랑 이 사람과 하는 새로운 경험에 대한 즐거움을 헷갈린 거 같아즐거움은 사람이 대체되어도 이어갈 수 있는 거잖아 사랑은 이 사람 아니면 안되고이 모든 걸 상대방한테 얘기하지 못할만큼 자존감과 용기가 없었는데 시간 갖자고 말한 뒤에 얘기하니까 본인도 그럼 같이 맞춰가자고 하고 이 사람도 내가 혼란스러운 감정인 걸 알고 있어그래서 자기를 맘놓고 사랑할 수 있는 기반과 직업을 만들기 위해 지금 공부하는 거라고 그래 ..같은 엔프제로서 이 관계에 대한 생각은 어때?"
"369",19052,"좆프제 주딱 정신병자인거 원래 유명하지 않음? ","좆목 유지하다 "
"370",19053,"Enfj 호감얻는 법 같은 거 보면","많이 나오는 것 중에 하나가Enfj의 도움을 받을 일이나 기회를 만들거나도와주고 싶게 만들라고 하는데..옛날부터 원체 독립적으로 살아온 infp는 이런거 어떻게 만들 지 1도 모르겠는거야요....... 허점 보인단 말도 거의 안 들어본..."
"371",19060,"엔프제를 만나고있는 연인으로서 너무 고마워","상처받은 날 품어주고 아껴줘서 고마워 처음엔 가볍게 만나고 아니다싶으면 바로 헤어지려했지만 너무나도 따뜻한 사람이였고 불안한 나를 안정적으로 만들어준 너가 너무 고마워 지금은 너보다 내가 너를 더 사랑할거야 우리는 말로는 서로 사랑한다는 말도 잘 안하고 무미건조하지만 사실 난 이런 사이가 더 좋아 너무 뜨겁게 타오르지않고 서로의 온기만을 느낄 수 있는 연인사이가 좋아너를 많이 사랑해 계속 함께하고싶고 내가 오래갈수있게 그리고 너의 마음이 식지않게 노력할게"
"372",19064,"갠적으로 NT ST랑도 잘 맞는거 같음","둘다 공통적으류 뭔가 배울 수 있어서 좋은데"
"373",19065,"엔프제 중 모쏠있나요","엔프제를 짝사랑하고 있는 여자입니다전 이십대 후반이고짝사랑 상대는 삼십대 초반인데...모쏠인것 같아요...역대 카톡 프사 찾아봐도여친흔적, 상태메세지도 전혀 없고휴무,휴가는 가족들이랑 보내는것 같고요..얼굴도..나쁘진 않은데 저 나이까지 모쏠인것 같아보이니좋으면서 뭔가 음...하는 이중적인 감정이 들고요그냥 워커홀릭일까요?아니면 연애문제에서는 쑥맥인걸까요엔프제 중 모쏠이신분 계신가요"
"374",19071,"enfj 기분안좋을때","기분 나아지고 연락하고 싶을 때 다시 연락하라했는데 어떰"
"375",19073,"두시간 넘게 수다 떨고 집오니까 기운이 하나도 없네","그사람이 술을 안마셔서 만나면 카페를 주로 가는 편인데 갈때마다 두시간 이상 1:1로 수다 떨고옴 난 평소에 말수적고 과묵한 편이라 거의 듣고만 있는데 진짜 기빨린다...앞으로 이 사람이랑 거리를 좀 둬야겠어다음에 또 만나서 밥먹자그러면 입맛없다고 구라쳐야지"
"376",19075,"엔프제쪽에서 먼저 연락 없으면 그냥 아무사이 아닌거지?","엄청 잘해주고 챙겨주고 뭐 하고 있으면 와서 말걸고 도와주는데"
"377",19076,"호감얻는 대화를 하려면 어떻게 행동해야할까","동성이든 이성이든....일단 난 남자고 intp임. 나랑 정반대인 enfj는 어떻게 하는지 궁금해서 들어옴.내 특징부터 얘기하자면비주류취미 파고듦. 평소에 노잼 조용함. 평소에 주변 사람들에게 벽치고 일정 거리두고다님.이번에 성격좀 바꿔보자 싶어서 한달간 가면쓰고 밝은척 살았는데 결국 술자리에서 말없는 노잼 본성격 드러나니까 뽀록나네.미친척하고 밝게 지내니깐 안면트고 지인단계까지는 잘 왔는데지인->친구로 친밀도 높이는건 너무 어렵다.나도 술자리에서 주도권 잡고 대화하고, 센스있게 대처하고 싶은데평소에 술 안좋아해서 잘 안마시고, 그런적이 없으니 대화하면 갑분싸만 되는거 같고...친목도모용으로 술자리 가질땐 어떻게 행동하는게 좋아??인간관계 너무 어렵다. 차라리 리서치자료 보고 분석하는게 훨씬재밌어."
"378",19077,"잇팁 어렵다 포기해야겠음","도저히 모르겠다 연락은 계속 꾸준히 했는데 갑자기 텀 ㅈㄴ길어진거보니까다른사람 생긴듯 "
"379",19080,"엔프제들아 너네 질투 없음?","ㅇㅇ"
"380",19082,"엔프제들아 너네는 잇티제 볼때 뭔 생각듬","잇티제 어떤거 같애?? 이성으로"
"381",19083,"MBTI 유형별 범죄율","착하다고 잘못 알려진 isfp 범죄율 높은 순위 3위S(계산적 멀리 보기 보다 눈 앞의 이익을 더 우선), F(감정과 본능에 충실) P (욕구를 자제하지 않고 바로 실행)이니 어쩌면 당연할 지도"
"382",19085,"엔프제녀랑 그냥 지인1로 남을려고함","공적인사이에서 처음엔 부담스러워해서 천천히 얘기하며 지냈고, 어느순간 서로 편해져서 쪽지로 연락처줬고 밥까지먹었어 그 이후로 톡하면서 있으면 상대는 몇마디 안하고 내일봬요 다음주에봬요  "
"383",19086,"엔프제남한테 차였다…","차인 이유는 솔직히 의미 없는 것 같고며칠 사귀지도 않아서 잡을 생각도 없는데선그음 당할 예정이라 ㅈㄴ 슬픔….괜히 스킨쉽 했나 ㅜㅜ구런거 안햤우면 친구로 지낼 수 있었을텐데흑흑흐그흐그흐그흐훟후훅 "
"384",19088,"enfj남자들은 상대방 차면 생각많이함?",""
"385",19090,"짝사랑 중인 잇티제 너무 즇다","배울 점도 많고 본인이 부족한 부분도 받아들이고"
"386",19091,"인프피 남자다","엔프제 만나고싶지만 겁나 없을뿐더러 만나도 뭐 없을거같아 슬퍼"
"387",19093,"나 enfj였는데 안좋은 일들이 자꾸 생겨서","isfj로 변했는데 이런 경우도 있어? "
"388",19095,"엔프제 범죄율 낮다는거 구라임","니 마음을 훔친 도둑인데 이게 범죄가 아니면 뭐임❤+"
"389",19097,"골댕이 엥뿌제들아 모여봐 너희들은 어때?","일단 본인 엔프제임(아마도)돈 안 벌 때는 인프제 나오다가 독립하고돈 벌기 시작하니깐 엔프제 나와다른 거는 거의 안 나오고 엔프제 고정인 듯 ㅇㅇ+ 주변 사람들 평가도 너가 I는 아님 ㅇㅇ 라는 평가가 주여튼, 여기 엥뿌제들 보면 긍정적이고 욕도 잘 안 하고 엄청 사람 좋고 대화할 맛 나는 진짜배기 엔프제들인데 난 좀 다른듯 해서 너희는 어때?1. 나는 욕 진짜 많이 함 (애들이 천박하다고 함 BUT 안 친한 사람들 앞에서는 건실하고 바른 청년)2. 관계 정리 정말 병적으로 집착     > 예를 들어서 썸타는 사람이라도 흐지부지 싫어하고 1달 이상 만나서 발전 없으면 우린 아닌 것 같다 말하고 정리     > 연락 주고 받을 때 의미 없이 연락 주고받는 거 극혐3. 서로 시간 낭비하는 거 싫어함     > 서로 좋은 마음 가지고 만나다가 서로 시간 낭비라고 생각되면 칼 정리4. 성격 심하게 급함5. T냐는 소리 자주 들음 (근데 검사에서 감정형 83%)     > 약간 F보다 T랑 잘 맞아 깔끔하고 명확해서         (F가 깔끔하지 않고 명확하지 않단 건 아닌데 내가 받아들이는 입장에서 T식 화법이 훨씬 명료함)*좀 특이한건 있어,,, 친구가 나보고 공감을 많이 해주고 그렇게 하려는게 눈에 보인다고는 하는데 그 공감 포인트가 특이하대 ㅋㅋㅋㅋㅋex. A라는 친구가 자기 분야에서 성공하기 위해 열심히 일하고 있으면 다른 친구들은 그 노력하는 모습에 공감하는데... 나는 그 친구가 왜 그렇게 열심히 사는지 왜 그렇게 해야하는지 그 사람이 놓인 상황?에 공감하는 느낌? (내가 쓰고도 이해가 좀 힘드네)기타 등등 더 있는데,,, 떠오르지 않네여튼 나는 개인적으로 내 인성 빠갈났다고 보는디(징기즈칸의 후예라고 할 수 있는 ENTJ들이 나보고 성격 개더럽고 지랄맞다고 하면 말 다했음)이 정도면 그냥 ENFJ 페르소나를 쓰는 다른 무언가일까?ENFJ 호소인 아님 초초초 불건강인가? 뭐 떠오르는 MBTI 있어??각종 TMI 난무 및 이상한 질문 끝까지 읽어준 칭구들 있으면 너무너무 고생햇고 고마움~~"
"390",19101,"서로 호감 같았는데 무슨 이유에선지 나는 아니라고 결론 내린듯","난 estp임 ㅎㅎ"
"391",19104,"내가 나여서 남친한테 미안하다","미안해 그냥 다"
"392",19106,"뒷담말이야","진짜 믿을 수 있는 상대한테만 하는거임? 아무나 붙잡고 그렇게 하는거 아니야? 뒷담하는거 고치고 싶다고 본인이 말한적 있는데 못 고치더라고.. 뒷담을 듣고 상대방이 어떻게 반응해주기를 원하는 거야? 가족 욕도 하고 친구 욕도 하고 그냥 맞장구 쳐주고 넘어가고 싶은데 뒷담 듣는 사람 입장에서는 내 얘기도 저렇게 하는 걸까.. 이런 의심이 든단 말이야 그렇게 까놓고 친구로 잘 지내는 모습이 무섭게 느껴지기도 해 그래서 내 모든 걸 드러내지 않으려고 하다 보니까 거리 두는 느낌을 줌->엔프제 친구는 서운해 함 이거 무한반복임 근데 또 생각해보면 모든 사람을 그렇게 미워하고 욕하는 건 아닌거 같고.. 그 미묘한 포인트가 있는거 같음솔직히 말하면 열등감에 기반한 동족혐오? 그런 느낌도 드는데 잘 모르겠다 좀 사소한 부분을 꼬집어서 불평하는 느낌이라 해야하나.. 지나치게 다른 사람 감정을 살피니까 헛다리 짚고 혼자 오해하는 부분도 있는거 같고 물론 진짜 까일만한 사람들도 있긴 하지만 과하게 생각할 때가 더 많은거 같아서(엔프제들이 들으면 싫어할거 같은 말인데 ‘피곤하다’..) 나도 모르게 그 고민을 축소시키고 무시할때가 많아 그래서 또 친구가 서운해할거 같단 말이지"
"393",19108," 왜 자꾸 전화 거는건지..","잇프피인 나는 마음 너무 아프다 ㅠ 대화 할때 어엄청 편하게 "
"394",19112,"엔프제랑 짧았던 관계가 끝남","뭐... 혼자 일방적이긴했지만 딱히 잡고싶은생각도안들고  "
"395",19113,"Enfj는 한번 이성적 호감 x 면 거의 쭉 가나?","초반에 카톡으로연락도 잘 되고, 나 못지 않게 나한테 질문도 많고,일상 공유도 어느 정도 하고내가 이것저것 플러팅 멘트 던질때잘 받아주길래(제법 딥한 플러팅 멘트들),더 잘해봐야지 했는데어느 시점 기준으로 핸들 꺾듯이 태도가 바껴서(읽씹, 혹은 안읽씹, 단답이나 답장하기 어려운 카톡)밥먹자고 하려다가그냥 정리하는 수순으로 가는 중이긴 한데뭐 꾸준히 호감표현한다던가 약속잡아서 만나자고 한다던가별로 의미 없지요?"
"396",19115,"감정기복땜애 정신병 걸리겟네 진짜","호캉스라도 가야하나 몸이 지치니까 마음도 여유가없네"
"397",19116,"내가 어떻게 하는게 맞을까.","썸타다가 서로가 너무 급한것 같다. 거기에 본인이 부담을 느껴서 생각할 시간을 달라고 해서 알겠다고 했어.진솔한 얘기나 부정적이든 긍정적이든 확신이 필요하거든 솔직히 몇일째 기분 안좋긴 한데 괜히 안좋은 감정 드러내기 싫어서 sns에 그냥 일상 올리거든 담담하게내가 하고있는게 맞을까 그냥 기다려야하나"
"398",19118,"엔프제가 실망했다고하는데 진짜 내가 잘못한거냐..?","공적인사이였고, 처음에 들이대니까 이성적인마음없다고 부담스럽다하고 선그엇는데 내가 선을 조금씩 넘었어 그 선을 넘은것도 그냥 이성적인 마음 조금씩 빼면서 천천히 친해지고 부담스러운거 사라졌다했고 "
"399",19120,"엔프제에 관해 정독하길 3시간째","에너지가 많고 혼자서도 잘 하는 사람들이라 내가 해 줄 수 있는 건 도움 받았을 때 5배로 표현하기, 좋아하는 표현 끄집어내보기 밖에 없음을 알게 됨 내 기준에서 너무 완벽한 사람들이라 어떻게 해야할 지 모르겠다"
"400",19121,"엔프제한테","가스라이팅 당하고 싶다"
"401",19122,"이 유형을 이해하기 위해서는","ENFJ가 본인에게 헷갈리게 군다고 생각한다면그 ENFJ는 당신이 자신을 좋아하지 않는다고 생각할 확률이 높다고생각하시면 되겠습니다 끝"
"402",19124,"짝사랑하는 잇티제가 밥 먼저 같이 먹재","휴일에 잠깐 저녁 시간에 만나기로 했는데 혹시 그 시간이면 밥 먹고 나오는거냐니까 같이먹재"
"403",19126,"엔프제한테 손절당한거같다고 쓴사람인데 사과했더니","엔프제한테 손절당한거같다 도와줘 - ENFJ 마이너 갤러리내가 상대방 카톡 몇번 안읽씹하고한참뒤에 답장한적 몇번있었는데마지막 카톡에서 내가 일주일후에 답장했다가상대방이 읽씹한지 지금 한달째임손절당한거같은데 어떻게해?m.dcinside.com"
"404",19127,"한없이 밉다가도 살짝 잘해주는거 보이면 또 마음이 기운다","멍청이 바보같애"
"405",19129,"혹시 엔프제한테 읽씹/안읽씹을 당했다고요?","그전에 당신이 여러번 읽씹/안읽씹을 한적이 있지 않았나요?"
"406",19130,"밀당하고 싶으면 티나게 해","어디서 이상한거 주워듣고 아예 등돌리듯이 밀당하는 애들있는데쫌 ㅂㅅ같음파고들 여지를 주고선 밀기를 해야지결국 밀당의 의도가 사랑 확인과 분위기 전환인건데협조를 받고 싶으면 상대한테 어느정도 열어놓고애교부리듯이 그냥 그렇게 해 미친련마냥 사람 헷갈리게 하지말고"
"407",19132,"자신이 듣기에 기분나쁘다는 이유로 무례함으로 단정짓지마세요","본인과 의견이 다르거나 공감하는 반응이 아니면 기분 나쁜 티 팍팍 내고 말 안 통한다는 식으로 무례하게 글 쓰고일방적으로 감정 실어서 쏟아낸 뒤에 멋대로 글 삭제반대로 공감하는 댓글 달면 기분 좋은 티 내고이런 행동은 공감적인 반응만 기대하고 다른 의견은 수용할 마음 자체가 없는걸로 보입니다본인이 다른 의견을 불수용 하는걸 인정하기 싫어서 타인이 심각한 도덕적 결함이 있는것처럼 단정짓지마세요그리고 그런분들은 이런 익명게 보단 개인적인 sns 등에 글을 게시하는게 적합해 보입니다"
"408",19134,"엔프제가 무조건적으로 도덕적 우위에 있다는듯 말하는건 잘못됐음","엔프제가 그랬다면 니가 인간쓰레기일것, "
"409",19135,"소심한 게이들 만나지 말고 잇티제 만나라","듬직하다 "
"410",19137,"이거 될까?","엔프제랑 오래된 친군데 못 본지 2년 됐어오랜만에 둘이서 술 마시자고 하면 불편해??동성 아니고 이성이야...최근에 연락 닿았는데 말도 잘 통하고별로 어색하진 않은 것 같아서둘이서 술 마시자고 하면 이상하게 들리려나....조언 부탁해"
"411",19139,"보통 데이트 신청할 때 ","직접적으로 나랑 00에서 데이트 할래? 아니면 간접적으로 나랑 00에서 만날래?뭐가 난거임 enfj여자 입장에서??"
"412",19141,"여자분들은 누가 자기 좋아한다는거 알면 어때?","여자분들은 누가 자기 좋아한다는거 알면 어때? "
"413",19142,"엔프제 왤케 개새끼같냐","사람만 보면 좋아죽어서 꼬리 미친듯이 흔들며 달려오는 댕댕이같음 "
"414",19143,"Enfj가 썸남인데 도와줘","좋아해도 연락은 좀 무심할 수도 있니?Enfj 남자가 미팅 애프터 걸어서두번정도 따로 만났어만났을 땐 얘기도 잘 하고 이것저것 배려해주고나 좀 취하니까 손 잡고 어깨도 두르고 머리 쓰담쓰담하면서애기같다, 또 보자 이런 말도 했어근데 연락할 땐 나한테 별 관심이 없어보여1-2시간 텀으로 주고받긴 하는데 딱히 나를 궁금해하지 않는 것 같아약속 잡을 때도만났을 때 걔가 영화보자한 거 기억하고내가 먼저 ~~에 시간 돼? 라고 적극적으로 나가야 만나지는 느낌이야어장치거나 스킨십만 노리는 사람은 아닐 것 같았는데…Enfj 남자들이 보기에 이 사람 마음이 어떤 것 같아?"
"415",19144,"상처없는 엔프제도 있어?","상처가없으면 엔프피가 될거같은데내가 사람 좋아하는것도 뭔가 좀 소외된 사람보면 내 옛날모습같아서 도와주고싶은 오지랖 때문인데"
"416",19145,"제대로 대화도 안해보고 다른사람에 대해 판단하고 단정짓는거 ","엔프제특이야?"
"417",19147,"냅다 고백공격 갈겼는데 싫어하겠지","천천히 다가가려고 했는데 노빠꾸 직진이라 부담스럽겠지"
"418",19148,"최근에 친해진 엔프제 누나가","나보고 평소 마인드나 말하는거 보면 아 애 잇팁이네 바로 느꼈다던데 이거 내 성격 ㅈ 같이 봤다는 뜻 맞지?"
"419",19149,"이거 나 싫어하는걸까ㅜㅠ?","일단 상대 남자는 엔프제는 아냥!!그렇게까지 안친해서 mbti모르는데(대화,인사도 안한 사이물론 이런 사이인 사람 왜 좋아하냐 하겠지만 나도 힘들다ㅜㅠ휴)잇티제 혹은 잇프제로 추정되만약 내뒤에 시계를 보려는 상황인데내가 서있는 앞에선 내가 서있는 쪽을 안보고몇걸음 지나가서 시계를 보는건 내가 싫어서 눈마주치기 싫어서 이런걸까ㅜㅜㅜㅠ?어떤날은  질릴정도로 아이컨택되고또 며칠은 눈길도 안주고 반복인 사람임ㅠㅠ"
"420",19150,"엔프제분들 이거 질문!","이거 철벽인가요??예전에는 좋아했는데 친구로 지내자고 들어서 그 뒤로는 맘 정리 완전히 했는데그냥 제가 몇 번 과자 같은거 챙겨주고 아프지 말라고 하고 앞으로 행복하게 잘 살라고 했는데마지막으로 둘이서 밥한끼 먹고나서 집에 도착했는데 카톡으로 받은게 너무 많고 챙겨주지 못해서 미안하다 너와의 추억 즐거웠고 잊지 못 할 거 같다고 앞으로 응원한다고 봉사활동 같이 하던 여사친이 이렇게 보냈어요평소에 갠톡을 잘 안하던 사이고 만날때만 친하게 지냈는데 당황스럽네요"
"421",19151,"외모가 받쳐주는 만화속의 인팁녀들.jpg",""
"422",19152,"이런 엔프제도 있음?","비밀로 해달라고 부탁했는데 다른 사람 앞에서 은근슬쩍 내 입으로 직접 말 꺼내게 유도하는거 보고 좀 정 떨어짐 사람이 너무 음흉하게 느껴져서..먼저 입 가볍게 놀린거 아냐? 이딴말 할거 같아서 미리 말해두는데 한번도 그런적 없음깐죽거리고 사람 놀리는거 좋아하는거 같음 장난으로 짓궂게 구는건 그냥 넘어가는데 한번씩 쎄한게 있음 직접적으로 말 안 하고 농담 가장해서 꼽주는데 나름대로의 배려 같지만 그게 더 불쾌함 난 진짜 아무 생각이 없는데 꼬아서 생각하고 착각하는거도 피곤하고.. 본인처럼 남 눈치 보고 배려하기를 바라는데 그 정도 사회적 눈치는 있고 지금까지 알아서 잘 살아왔는데 내가 왜? 싶음 "
"423",19154,"별로 친하지 않은 사이에서 호감 질문 ","뭐 있음?"
"424",19155,"안녕","인프피에서 엔프제로 변했어"
"425",19156,"사람을 어디서 만나더라? ㅠ","차인지 8개월차 "
"426",19157,"엔프피가 느끼는 엔프제(지극히 주관적)","본인은 일단 enfp 각 성향이 못해도 7:3, 8:2를 넘어가는 교과서적인 엔프피(자칭)임을 밝히며 이 글은 지극히 주관적인 글이란 것 또한 밝힘ENF 성향으로 삶을 대하는 사람들은 어렴풋이 알 거 같음인생을 감싸안은 모든 요소들이 스스로 주체 할 수 없을 정도로 흥미로운 것들이란 걸본인은 종종 친구들로부터 과장된 톤을 자주 쓴다는 말을 듣는 편임신나는 일이든, 우울한 일이든 말이야왜 그럴까오랜 고민 끝에 내린 결론이, 내가 딱히 과장하는 게 아니라 그냥 그게 내게 있어 더도 덜도 아니고 느껴지는 그대로일 뿐이라는 사실임어쩜 이럴까 싶을 정도로 세상은 내게 흥미로움 그 자체임특히 관계에 있어서 말이야, 인간관계사람을 너무 좋아해서 사람 많은 자리만 가면 이미 마음 속이 방방 뛰고 있는 자신을 발견할 수 있음대화하는 걸 정말 좋아해서 틈만 나면 주접 떨고 반응 보고 그럼남의 재치 있는 멘트도 좋아해서 와 쟤는 어쩜 저런 생각을 했대? 같은 생각도 종종함흥행하는 드라마는 죄다 몰아보고 몇 작품은 대사도 줄줄 꿰고 있을 정도고 작품 내에서 표현된 관계적인 고찰, 삶에 대한 통찰에 열광하는 편임감명 받은 대사는 따로 받아 쓰거나 곱씹으며 혼자 눈물 적시기도 함청승 맞지근데 나한테는 그런 것들이 너무나도 크게 느껴지는걸?그래서 난 엔프피임, 나란 인간은 암튼 그래그래서 엔프제가 사실 이해가 잘 안됨분명 감각하는 세계(enf)는 비슷할 거 같은데 내적 절제력(j)을 가진다는게나는 느끼고 감각하고 곱씹고 그걸 표현하기에도 너무 바빠서 평소에 정신 없는 편인데 여기에 j가 붙을 수 있다는게 좀처럼 이해가 안돼 ㅋㅋㅋㅋ진짜 신기해실제로도 통계적으로 엔프피 엔프제 비율은 3:1 내지 4:1이더만개인적으로 j형을 그닥 안 좋아하는 편인데 j가 s나 i랑 붙으면 보통 사람이 딱딱하고 답답한 경우가 많더라고하지만 엔티제랑 엔프제는 약간 경우가 달라짐내 주변에 엔티제 2명 엔프제 1명 있는데 이 친구들은 j형 특유의 답답함이 딱히 없음일반화할 만큼 큰 표본은 절대 못되지만 되게 신기하더라또 하나 신기한게 있다면 얘네들은 대개 인격적으로 본받을 점이 많았다는 사실임단순히 착하다?와는 좀 다름일상어는 아니지만 조금 더 정확하게 표현해보자면 얘네들은 착하다기보다는 정의로워엔프제처럼 살고 싶다는 생각을 종종 하는데 뭐.. 본인은 그게 안 되더라 천성적으로 게을러빠져서 ㅋㅋㅋㅋㅋ암튼 마음씨 좋은 엔프제들 다들 화이팅!!!!"
"427",19159,"드디어 내가 어떤 타입을 지극히 싫어하는지 알아버렸다","보통 이상형이 뭐야, 싫어하는 사람은 어떤 사람이야 물어보면사실 잘 몰라서 대충 둘러댔는데 (이상형에 얼굴은 디폴트값이지만)유형 3가지로 나누면A - 긍정적 + 자존감 높음 + 근자감 = enfj인 나B - 신중함 + 자존감 보통 = 보통의 사람들C - 부정적 + 자존감 낮음 + 근자감 = 내가 싫어하는 사람들이번에 C라는 사람을 몇번 만나봤는데, 진짜 너무 싫더라.보통 내가 안좋아해도 항상 내가 리드하고 입을 안멈추고 분위기 좋게좋게 주도하려 노력하는데C타입이랑 있어보니까 입에서 말이 안나오더라. 진짜 몇시간동안 죽치고 조용히 있던건 살면서 처음이었음부정적이고 자존감은 낮은데, 어디서 오는지 모르는 근거없는 자신감은 왜 생기는건지...차라리 나처럼 긍정적이면, 저 사람은 긍정적인 곳에서 자신감이 나오는구나 ㅋㅋ하고 같이 웃으면서 뭐라도 이야기 할텐데부정적인 기운 열라 내뿜는데, 왜 자존심이랑 자신감이 또 넘치는지입에서 화이팅하라는 말도 안나오더라이번에 친구로써도 다신 만나고 싶지 않은 사람을 알게됨"
"428",19162,"가끔 자기혐오가 있기는 한데, 대체로는 마음에 듬 내 엠비티아이-ENFJ","뭔가 너무 가끔 긍정적인 마인드를 넘어서 낙관적인가? 라는 생각 들 때, 뭔가 머리가 꽃밭인 것 같아서 .. 이성적이지 못한 모습에 뭔가 별로네 생각 들면서도, 이런 감정적인 모습이야말로 인간적이지 않을까? 그 지극히 인간적이고 감정적인 성격 때문에, 서른 넘게 살아오면서 울고 웃고 화내고 즐거워하면서,내 주변에 남은 소중한 사람들이 정말 더 소중한 인연이지 않았을까? 정도의 생각에예전에 한 때는 이기적인 생각과 마음을 가진 사람들이 죄책감마저 없으면 세상 살기 편할 것 같아서부럽기도 했지만, 위에 적었듯 소중한 인연은 계산적이지 않고 나의 인간적인 면모를 이해해주고나를 그대로 봐주는 것으로 남은 관계 아닐까? 하면서 만족하고 행복하게 살고 있음그리고 나서 지금의 나를 돌아보면, 생각보다 인생을 잘 살아왔구나 싶음.힘든 날도 많았지만, 사회생활 하면서 다른 사람들과 이야기해봐도 내가 인복은 있구나, 하고 관계 자체도 너무 많이 남음에 감사함."
"429",19163,"enfj 남성분들은 헤어지고 어떨때 미련이 남나요","그리고 미련남으면 연락처 삭제 하나요?"
"430",19165,"앤프제헌테 질문 많이해도 됨?","그 사람이 궁금해서ㅇㅇ"
"431",19167,"엔프제남들 연애 때 이성친구","내 남자친구가 이성친구들이랑 따로 만나고 이런건 내가 괜찮다 해도절대 안 그러는데 인스타 목록 보면 실친 비율은 남여 반반 가깝다 해도(여자가 더 많음) 인스스들 팔로우 한 거 보면 다 여자임..난 연애 때 이성 애들 게시글에 좋아요도 안 누름 얜 그런 센스가 없는건가..?"
"432",19170,"엔프제랑 끝냈다 잘한거겠지?","내 선택이 최선이었겠지?걔가 먼저 들이댔고 걔가 먼저 손잡았고한달 넘게 썸탄 것 같네눈에 띄게 연락도 줄고나한테 질문도 없고애둘러 만나자는 얘기에도 모른척하더라자연스럽게 흐지부지 되는것보다확실히 끝내는 게 내 정신건강에 더 좋을 것 같다고 생각해서오늘 나랑 연락하기 싫냐고 물어봤어누굴 만날 여유가 없어서 그만하고 싶다더라나도 아니라고 믿고 싶지만 핑계가 맞겠지그래서 난 몰랐다고 차라리 좀 더 일찍 얘기하지 그랬냐니까미안해 그 한마디로 끝이 났어자꾸 나한테서 문제를 찾게 되고 후회가 돼서당분간 힘들 것 같네그래도 나 정리 잘 한거겠지?"
"433",19171,"남녀칠세부동석","자의반 타의반으로 신념을 지켜오고있어"
"434",19174,"큐피드 노래 너무 좋당","시작부터 끝까지 내가 하고싶은 말만 골라서 다해주네 ㅎㅎ.. 힘들당. "
"435",19175,"엔프제 남자가 여자 차는 이유가 특별히 있을까","어제까지 사랑한다 해놓고 다음날 점수 카운트한거 다 깎였는지 이별 통보함1 내가 더이상 안예뻐보여서2 전여친한테 가고싶어서라고 생각하거든나도 얘한테 차이고 바로 나 좋다는 다른 남자랑 만났는데 얘 만날 때 처럼 표현이 안나오는데… 남자는 안사랑해도 구라 잘치나처음부터 날 안좋아한걸까"
"436",19178,"잇팁입니다","엔프제 여친이 생겼습니다.. 조심해야할 점, 연락은 어떤식으로 해야할지 감이 안잡힙니다팁 좀여기에 자문을 구하는 이유는 여친이 극 enfj 느낌이라.."
"437",19181,"Enfj 여자랑 썸타려면 ","어케해야함? Enfj여자가 관심 없다고 가정한다면, 보통 썸은 어케 시작되는 거니..?"
"438",19182,"외모만보면 천년의이상형 급인데 인성 구리면 어떰?","난 ㅂㄹ큰상관없음자랑거리식으로 연애 좀 이어가다가 헤어지면 됨"
"439",19183,"전남친 심리 알려주랑..","나랑 헤어지면서 비공개로 돌렸던 인스타 얼마전에 공개로 돌렸길래 신나게 염탐했거든?며칠전 게시물에 여자랑 논 사진들 있고 4일?5일?만에 다시 비공개로 돌렸더라고무슨 심리일까??ㅠㅠㅠ 내가 염탐한건 아마 모를거야..전남친 enfj......"
"440",19184,"좋아하는 인프제녀 알바하다가 번호 따였다네 ㅠ","안돼... 진짜.... 좋아하는거 티 내볼까 어떡하지... "
"441",19185,"그 희귀하다는 엔프제 남입니다","궁금한거 있으면 질문 고고~~ "
"442",19186,"솔직히 나만 그래??","나한테 문제가 생기면  진짜 일말의 희망도 없는 T로 문제를 파악하고 해결하는 데 "
"443",19188,"양보하고~이해해주고~ 결국 시발 우울증걸려서 공황장애옴","인긴관계에서 갈등 빚으면보편타당하게 상대가 잘못했음에도그 보편타당함이 결국 나만의 기준이라고 여기고스스로 오만했다고 반성함.있지도 않을 사실로 혼자 오해해서 다짜고짜 상대방이 나한테 욕짓거릴 내뱉어도  '저사람은 원래 나를 존중해주는 사람인데 지금 분노라는 감정에 이성이 마비돼서 저런 행동을 하고있는거다'라며 나한테 위협을 가해도 연민으로 품어주고,상대방을 위한 자기합리화를 함.""니가 오해하게 했잖아""라는 좃같은 정당화+덮어씌우기 주장에도'그래 그렇다면 일부분 내 잘못도 있으니 니가 욕짓거릴 할만도 했어.'라는 생각으로 상대방 권위는 지켜주고 내 안위는 일부 포기함.그 과정 동안 내 안에선 우울 연민 등 많은 번뇌를 느낌.그리고 그게 몇차례 반복되면 그 감정들은 전부 분노라는 감정으로 바뀜.enfj가 카운트 센다고들하는데 정확히 맞다.그리고 카운트 다 세고나서도 곧장 손절하지 않는다.최대한 크게 타격입히기위해 더 나에게 의지하게끔 만들고 손절할 다짐을 한다.시발 사상이 보살인거지 그릇은 소인배임.그러니까 서로에게 적당한 예의와 존중은 늘 갖추자"
"444",19189,"썸망 엔프제 잡으면 잡혀?","내 연락은 받아줌 친구처럼 지내자고 구라침 내가근데 말투 쌀쌀맞음Enfj식 손절 느낌내가 더 열힘히 칼답하고 선톡하고 알아가서 친구만이라도 되고싶음 ㄷ이유는? 몰라? 좋아하나"
"445",19191,"엔프제들 좋은 사람들이 많은거같음 ","사람을 치유하는 능력이 있는거같음 "
"446",19194,"엔프제녀가 나를 공주 대접해줌","원래 외향적이라 모두에게 그러겠거니 했는데 "
"447",19197,"엔프제여자들아 호감있으면 선톡함?","ㅇㅅㅇ "
"448",19199,"enfj여자가 톡은 안보는데 스토리 보면 관심제로..?","애매하다 싶으면 아닌거 알고있지만.."
"449",19200,"돈 많은사람들의 불륜에 대해 어케 생각해..?","일반 월급쟁이 200 300버는 사람들 말구 "
"450",19202,"Enfj 여자는 안 친하거나 관심 없으면 힘들다는 얘기 잘 안해?","엔프제가 원래 남들 힘든 얘기는 잘 들어주는데 자기 힘든 얘기 잘 안 한다고 들어서반대로 자기가 힘들다는 얘기를 한다는건 나름 친밀감을 느끼거나 관심이 있다고 볼 수도 있을까?"
"451",19203,"엥뿌제사랑해","야 이 귀염둥이드랑ㅋㅋ-지나가던infp로부터.."
"452",19205,"역시 날 좋아해주는 사람보다는 내가 좋아하는 사람이","좋은듯좋아해주는게 싫은건 아닌데뭔가 기대감 충족시켜줘야한다는 부담감이 잇어..."
"453",19206,"Enfj 여친 왜이러지","ENFJ ISTP커플인데 사귀기 전 썸탈땐 잘 표현해주고 그랬는데 사귀고나서 갑자기 차가워진 느낌임.. 이거 심리가 뭐냐 대체"
"454",19207,"나도 누가 좋아해줬으면좋겠어","내가 좋아하는"
"455",19208,"Enfj는 사람을 오래 봐 아님 금사빠야?","금사빠면 1111오래 보면 2222오래 본다면 얼마나 오래 보고 어떤 점들을 보는지 알려줄 수 있을까? 그리고 본인 성별도 알려줘 ㅎㅎ"
"456",19209,"님들 ","연인이 썼던 편지들 코팅이나 스샷 해놓음?"
"457",19210,"근데 Esfj갤 가면 절반이 욕밖에없더라","다 Esfj에 대해 욕하는 내용밖에없음 ㅋㅋㅋㅋ"
"458",19214,"흔한 엔프제 이성고민~","안녕~ 덥다. 다들 건강 조심하고 칼부림 조심해.엔프제 갤러리에 수십개는 올라오는 이성 고민인데 다른 의견들이 궁금해서 물어보고싶어.상대는 엔프제 여자고 올해 서른이야. 나는 인프제 동갑이구.요즘 가끔 버스나 광고판보면 부산 월드엑스포 2030 광고 보이지? 거기 현장관리자야.그런데 워낙 일이 많아서 올해 12월까지만 일하고 사직서 낸다고 하더라구. 그래도 책임감 때문에 올해까지는 하던거 마저 하고 인수인계 끝낸다음 그만둔다고 하더라구.이 친구는 작년 9월 월드엑스포 사전회의에서 만났어. 현장에서 이틀정도 같이 일하다가 내가 번호를 물어봤고 그 친구가 번호를 줘서9월 ~ 12월 사이에 합해서 5차례 정도 같이 저녁도 먹고 영화도 봤지.그러다 1월부터 행사준비가 본격적으로 시작되는데 아직 꽤 많이 남은 행사라고 담당자가 본인 혼자라는거야. 그래서 이 친구가 ""애매하게 시작해서 끝나는 사이가 되고싶지는 않아, 지금 이 온도로 친구처럼 지내다가내가 마음을 충분히 쓸 수 있을 때 관계를 시작하고싶어"" 라는 말을 해주더라구.지금은 아주 가끔 카톡하고, 이 친구가 시간이 날 때 점심 간단하게 하는 사이로 유지중이야. 내가 보는 이 친구는 굉장히 독립적이고 쉽게 타인에게 곁을 잘 주지는 않아.평소엔 엔프제지만, 연애에 있어서는 인프제 성향에 좀 더 가깝지 않나 라는 생각도 들어 (반면 나는 평소 인프제, 연애할때는 엔프제에 가까운듯 하고)어릴적 사람들에게 받은 상처들로 사람에 대한 신뢰도 크지 않은듯 하고.여기서 궁금한 점은 두 가지야.정말 바쁘고 여유가 없는 상황에서 저렇게 말을 해주는건 정말 여유가 될 때 만나고싶어서 일지 아니면 그냥 선을 긋고자 하는 말인지그리고 이런 성향의 친구에게는 어떻게 다가가야 하는지 궁금해읽어줘서 고마워.좋은하루들 보내~"
"459",19215,"Istp인데 enfj랑 잘맞는데 궁합별로라고","그러네 "
"460",19216,"야 이뇬들아 엔프제 꼬시는법 말해다오","소개팅인데 엔프제레용..................잘꼬시는법점...........머에약함......?"
"461",19223,"ENFJ가 다 이러는건 아닐텐데","사귄후에 갑자기 차가워지는건 왜 이러는거냐 대화에서 문제될게 없었는데.. 걍 얘가 이상한건가속을 모르겠다.. ENFJ 여자들아 심리 좀 알려줘.."
"462",19224,"enfj 여자애 인스타 관련","인스타 엄청 자주보는 친구거든 "
"463",19228,"Enfj 짝녀 고3이라 수능 공부 열심히 하는데",""
"464",19231,"Enfj 갤 들어왔는데 욕 많아서 놀랐다..","나도 사실 소개팅남이랑 한달 연락하다가 갑자기 바쁘다고 그러고 난뒤로 지금 안읽씹 일주일동안 당하고 있어서 유튜브 찾아보다가 디시도 와봤는데 나랑 비슷하게 당한 사람도 많고 모든 유형의 사람들이 다 같은건 아니지만 유형이 비슷하긴 한가보다 싶어.."
"465",19233,"엔프제녀들은 냐한얘기 싫어하냐?","급궁금"
"466",19237,"화장 안해도 예뻐<< 이거 너무 유죄아니니?","하 뭐냐 이거"
"467",19240,"헤어지면 맞팔 끊고 번호 지우고 다 해?","엠비티아이랑 상관없으려나..너네도 헤어지면 다 정리하는 편이야?한다면 어디까지해?"
"468",19242,"플레인요거트 꾸준히 마셔서 그런가","똥이 되게 예쁘게 잘 나온다 후훗"
"469",19243,"얘들아 어때???","인팁 여자애인데 나한테 군대 가기 전이랑 군대에 있을 때 여친 있었냐?또 지금은 여친 있냐? 여친 생기면 잘 해줄 거 같다 이러는 데 호감인가..?"
"470",19244,"엔프제남 스토리 하트"," 여름날 우리 보러 갈 사람 투표 올렸는데 투표는 안 하고 하트만 눌렀는데 같이 보러 갈래 라고 물어봐도 되는건가.? 작년 여름엔 내가, 저저번주엔 얘가 공포영화 보러 가자 해서 보고 오긴 했어 이건 로맨스라 좀 그런 것도 있고 내가 작년 초에 차였기 때문에 선뜻 보러 가자고 하기엔...ㅋㅋㅠ 엔프제들은 원래 별 생각 없이 스토리에 하트 누르고 영화 보러 가자고 해.? 막 고양이 상이 최고라니까 내가 냥냥이긴 하지 이러고?"
"471",19247,"원래 디씨가 이렇게 아름답고 건전한 곳이었나요","역시 enfj사 최고다.."
"472",19250,"엔프제 여자 이거 호감 맞는지 판단좀...!!","동아리 하다 만난 사이고 나보다 상대가 3살 연하.. 그래서 상대는 성인되고 연애경험 x래그냥 너무 내취향으로 이뻐서 맘에 담아두고 있었는데 동아리 엠티 가서 진실게임 하다가 서로""동아리 사람 아니라고 가정했을때 소개팅에서 상대방 나왔으면 고백 받아줬을거같다""""동아리에서 이성적으로 느껴지는 사람이 있다""요런거에 다 서로 지목했어그래서 그 이후로 DM이랑 톡도 가끔씩 하구있어 내가 스토리를 안올려서 DM은 웬만하면 내가 걔 스토리에 답장하고 톡은 걔가 조금 더 자주 선톡하는듯? 그냥 하루이틀 얘기하다가 끊기고 또 하고 그래최근엔 그래도 걔 친구들이랑 술마시는데 새벽 3시까지 톡하고 그래서 호감인가..? 혼자 착각하는중인데 아 진짜 모르게따 ... ㅜㅜ여기서 어케 해야될까? 호감인지 확신이 없으니까 직진도 못하게썽ㅇ.... 안적극적이고 연애경험없는 엔프제녀 어케꼬시냐 ㅜㅜ"
"473",19251,"자잘한 플러팅 vs 돌직구 한방","엔프제녀에게 뭐가 나아..?지금까지는 그냥 내가 마음 없지 않단것만 확인시켜주고 어느정도 거리두고 있었는데 슬슬 뭐든 해야될거같아서 서로 답답해지는 시기라..그냥 머 술마셨다하면 나랑도마셔줘~ 이정도로 가볍게 갈지 아니면연애얘기 하면서 급발진..까진 아니지만 너 좋다는 얘기 돌려서 전할지.. 고민이네용지금 현황은 아직 썸도 아니긴함.."
"474",19253,"엔프제 여자 도와줘","엔프제 여자랑 사귀다가 내가 지쳐서 헤어지자고 했고,5일만에 내가 다시 잡았어 잡을때 여자가 예전처럼 대하지못한다고 실망할꺼라고 하길래 내가 부담주는거 싫다고 너가 싫으면 더이상 잡지 않겠다 라고하니까 여자가 다시 만나자고 해서 다시 만났어처음엔 차가웠는데 가면 갈수록 따뜻해지더라 재회한지 3주일 지났고, 아직은 만나자고 하면 싫다고 하고 맛있는거 먹으러 가자고 하면 어쩔때는 좋다고 하고 어쩔때는 싫다고 해 아침엔 따뜻하다가도 점심 지나면 차가워져사람마다 다르겠지만 내가 알기론 예민한 주로 알고있거든? 그래서 갑자기 차가워졌나 싶기도하고 그냥 내가 싫은데 정때문에 대답해주는거같기도 하고 일주일에 2번??정도 나한테 사랑한다고 애정표현해줘내가 애정표현하면 잘 안받아줘포기하는게 맞아? 심리가 궁금해"
"475",19254,"권력자에게 미움 제대로 받고 있는데","엔프제가 97%는 착한데 3%가 사이코 ? 소시오패스 적인게 있다.이게 엔프제가 적이다 생각하는 사람 입장에서는 확실하게 느낄 수 있음어쨌든 직장상사 엔프제한테 미운털 제대로 박혀가지고 괴롭힘 당하는 중인데내가 중간관리자인데 내 하급자들 괴롭히시는거 즐기시더라고대체 이 상황 어떻게 해결하냐 .. 다음 멘트 어떤지 확인 좀""형님 놀랐잖습니까"" 자꾸 애기들 괴롭히실겁니까그리고 안그러시다가 최근에 저 또 묻으시려고 하십니다. 알고있던 지인부터 친구들까지 사방에서 뭔일이냐고 연락옵니다.형님 자꾸 이렇게 사회생활 잘하는 법 제게 가르쳐주실겁니까 ? 이너서클에 넣어주십쇼 무섭슴다."
"476",19255,"엔프제들 중에 꼰대많냐?","주변 엔프제들 중에 잔소리 꼰대랑 일벌리는 거 좋아하는 애들 왜케 많은지 모르겠네"
"477",19256,"어떨때 감동받아?","ㅈㄱㄴ"
"478",19257,"엔프제 가스라이팅 지리긴한다","하 .,, 진짜 숨막혔다자기 기분 나쁜건 세상에서 제일 중요하고지 행동으로 내가 상처 받은건 안중에도 없는누가보면 내가 세상 죽을죄 지은거처럼 몰아붙이네상식적으로 이해할 수 없을 정도로"
"479",19259,"엔프제는 원래 계산적인편?","전남친이 엔프제 였는데 사람이 그렇게 계산적 이더라"
"480",19260,"엔프제녀들 교정하는 남자 어때?","이번주말에엔프제녀랑 소개팅하는데내가 지금 교정 중이야..ㅠ어제 오늘 계속 연락하는 중이고슈티키타카 좋고 얼굴도 예쁘고 마음에 들어서 잘됐으면 좋겠는뎅교정기차고 잘 웃지도 못하겠고같이 뭘 먹는 것도 걱정이야..휴ㅠㅠ"
"481",19261,"적을 만들지 않고는 못 사는걸까?","그럼 그냥 적과도 대화를 할 수 있고 언제든지 아군으로 만들 수 있는 능력을 키우는게 맞는걸까?"
"482",19263,"enfj 남자들아 이럴때 어떻게 반응함?",""
"483",19268,"Enfj 이사람 왜이래??? 나 진짜 궁금해","연락하던 enfj분이 있었는데  이분이 자주 읽씹도 하고 그냥 대화할때도 폰보고 그래서 나한테 관심없는거같아서  자연스럽게 연락을 끊었어 그러고 이제 1주? 정도 지났는데 갑자기 며칠전부터 매일선톡이 오고 밤에 자기전에도 계속 카톡 보내고 내가 말이 끝난거같아서 읽씹했는데도 전화 오거든? 갑자기 맛집 아는데 생겼는데 밥먹으러 같이가자고 약속을 잡을려고 하지않나 이사람 왜이래? 갑자기 난 이해를 할수가없네 "
"484",19269,"나 돔성향있는데 여친이 enfj","ㄱㄴ?"
"485",19270,"(약스압)엔프제녀 만나는 잇팁임 도움좀","만난지 40일쯤됨 "
"486",19274,"엔프제들 사소한 거 챙겨주면 좋아하지?","예를들어 여행가서 과자사달라는 거 사다주는거? "
"487",19275,"enfj남자는 피해망상증 기질 있어?","A(엔프제), B,  C가 있음 C는 나고 A랑B는 서로 별로 안좋아함 B가 최근에 안좋게 마무리하고 퇴사를 했는데 오늘 나랑 같이 밥약속있어서 밥먹음 근데 A가 알게됐음 그러면 A 입장에서는 쟤네 분명 내 얘기 하겠다 이생각 해??"
"488",19276,"엔프제 남자 이거 무슨 의미여? ","내가 지헌테 치트키 같은 존재라는데 뭔말이여..? "
"489",19278,"Enfj 이상형 이거 맞아?","난 좀 맞는 거 같아!!"
"490",19279,"Enfj남 질문","평소에 단체로잇을땐 말도잘걸고 장난도엄청치는데이상한게 나랑일대일로있으면어색하고 정적이흐름ㅋㅋ티키타카잘되는이성 선호한다던디 끝난거겟징?"
"491",19281,"Enfj들은 손절이 쉬움?","카톡 텀도 너무 길어 24시간 뒤에 답하는 경우도 있고"
"492",19282,"ISTP의 고민상담","안녕하십니까? 저는 20대 ISTP남자 입니다.최근 뉴스나 인스타그램 게시물에 달린 댓글들을 보며 저처럼 생각하는 사람의 수가 적다는 것을 알고저와 반대되는 생각을 가진 사람들이 상당히 많단 것을 알게 되었습니다.전 늘 합리적이고, 효율적인 것이 최고의 가치라고 생각합니다.그래서 공감과 위로보단 문제를 정확하고 객관적으로 판단하는 것이 훨씬 중요하고 우선시 되어야 하며그 과정에서 누군가가 감정에 상처를 입더라도 상관없다는 입장입니다.제가 이러한 글을 ISTP갤러리가 아니라 ENFJ갤러리에 올리는 이유는 제가 같은 ISTP들에게 공감받고 싶은 이유가 아니라세상의 이슈나 현상을 정말 그렇게 보는 것인지 이해해보고 싶어서 입니다. 마치 고등학교 윤리 시간 때 다양한 철학자들의 철학과 사상을 이해하듯이 말입니다.다양하게 여쭙고 싶지만 가장 궁금한 1가지만 여쭙겠습니다.1. 감정감정의 변화가 더딘 사람에게 왜 공감못하냐?, 왜 표현에 영혼이 없냐? 라고 질문들으면 정말 이해가 되질 않습니다. 애초에 상대에게 특정 감정과 대답을 바란다는 태도가 굉장히 그르고 틀렸다고 생각하기 때문입니다. 그럴 땐 ""아...방송에선 이런 상황에선 A로 말하라고 하던데 난 전혀 A라는 생각이 안드는데? 그래도 난 A라고 거짓말 해야하나? 해봤자 표정에서 들킬텐데?""라는 생각이 우선적으로 드는 경우가 매우 많습니다. ENFJ분들은 뉴스나 드라마, 다큐에서 누군가, 혹은 동물들이 죽거나 다치면 병원에서 진행하는 무조건 반사(무릎에 망치쳐서 무릎이 올라가는 시험)가 발생하듯 측은지심이 발동되는 건가요? 내가 마치 사려깊고 감수성이 풍부한 사람으로 비춰지길 바라는 마음에서 행하는 연기가 아니라 정말 순수하게 안타까운 감정이 드는 것인지 궁금합니다."
"493",19283,"답장 느리게하는데 시간은 꼭 지키더라","예를 들어 오전 10시에 톡을했는데"
"494",19284,"엔프제는 퇴사할건데","엔프제는 만약 퇴사 계획있는데본인 인스타에 '본인 회사가 좋다, 뼈묻하고싶다,등등'이런글 올리는거 가능해??"
"495",19285,"인프제 엔프제가 제일 씹스러움","앞뒤 다른건 제일 역겨움 "
"496",19287,"잘삐지는 남자 뭐지","그니까 지 기분 좋으면 같은 말을 해도 안삐짐단어가 문제가 아니고 걍... 하 너무 어렵다"
"497",19288,"엔프제 전혀 모르겠다","같이 일하는 사람인데 평소엔 친절한데 본인 기준에서 뭔가 빡치면 비꼬면서 뭐라하는데 그 기준이 나한테는 전혀 이해가 안감"
"498",19289,"인프피인 내가 엔프제남자 안믿는이유 ","여태껏 나한테설레는것처럼썸아닌썸을 연출한 상당수엔프제가여친이있더라...?그당시의 배신감이란..."
"499",19291,"싫어하면 카톡 답장도 안하나?","엄청 바쁘다고 하는데"
"500",19292,"찐친에서 연인으로 발전 못하지..?","슬프다.. "
"501",19294,"좋아하는 티 내봐야겠다","상대는 나를 찐친으로 생각하겠지만 나는 ENFJ녀가 너어무 "
"502",19295,"ENFJ 마음에 들려면 정말 이걸 다 충족해야 하나요?","enfj 이상형 아니더라도 그냥 이상적인 남자상 아닌가 ㅋㅋ "
"503",19296,"엔프제 남자들아","이성과의 립밤 공유, 옷 공유가 가능한지 궁금"
"504",19297,"너네 말 안놓는 이유있어??","상대 enfj가 나보다 4살 많은데 근처에 사람들은 다 편하게 말 놓고 이야기 하던데 나한테는 말 절대로 안놓거든?? 처음에는 나 싫어하는가 싶었는데 내가 연락 안해도 계속 먼저 연락오시고 카톡해도 잘 받아주시니까 싫어하는거 같지는 않은데 왜 말 안놓는거지 내가 놓자고 말해도 안놓고 다른 사람들이랑은 편하게 말하니까 좀 그렇네 ㅠㅠ"
"505",19301,"엔프제들 챙김 당하는것도 좋아하지??","챙김 당하는걸 바란다거나"
"506",19302,"엔프제 여자는 밀당 좋아함?","아니면 무한으로 주는 사랑 좋아함?"
"507",19304,"엔프제 바람기는 어떤 편이야?","진지하게 궁금해엔프제가 한편으로는 되게 해바라기 유형이고 상대방한테 다 퍼주고 싶어하는데또 동시에 엔프제가 애정결핍인 경우도 되게 많은거 같아서그리고 보통 애정결핍인 사람이 바람기도 높은 것도 맞고그래서 진지하게 엔프제들은 바람기가 높은 편인지 궁금해"
"508",19305,"혹시 8w7 enfj 있나?","나임.뭔가 늘 드러나는 성향이랑, 내면이랑 충돌함. 분명 enfj가 맞고, enfj 마음을 가지고서 행동한건데 그게 뭔가 entj 스러움. 그래서 꼭 행동 다하고나서 내면이랑 충돌해가지고 해명타임 가질때도있고. 그런데 이게 안고쳐지더라. 그래서 매력적인 사람이다가도 한순간에 자신감 없는 사람으로 보여지기도 하는거같음. 속상하다.쉽게 얘기하려고 entj 스럽다 한건데, 나쁜 뜻 아니고, entj가 8w7 가장 많이 나온대서. ㅇㅇ"
"509",19306,"그.. '삼재' 라는거 너무 힘들다","연인 직전까지 왔던 썸도 친구한테 뺏겼고..면허때부터 무사고로 안전운전하는 사람인데 그냥 자동차 고장으로 폐차 2대했고..일은 역대급으로 몰아서 들어오고..미신같은거 잘 안믿는데 이번엔 좀 믿게되네이런게 삼재라는건가.삼재는 3년동안 온다던데 이제 시작인데 앞으로 2년을 어떻게 보낼까"
"510",19308,"솔직히 성인 되면 MBTI는 의미 없는 듯","살면서 극단적인 인간을 본 적이 손에 꼽는다  "
"511",19309,"호감일까?","인팁 여자애인데 나한테 군대 가기 전이랑 군대에 있을 때 여친 있었냐?또 지금은 여친 있냐? 여친 생기면 잘 해줄 거 같다 이러는 데 호감인가..?"
"512",19312,"그사람 앞에서 너무 뚝딱이 되니까 고민이야ㅠㅠ","말걸면서 가벼운 장난도 치고싶고 마주치면 인삿말이라도 생글생글 웃으면서 해주고싶은데 표정부터 몸짓까지 다 굳음ㅠㅠㅠ싫어하는게 절대 아닌데..."
"513",19313,"나이 들수록 intj가 끌림","인프피는 어렸을 때는 귀여워보였지만, 나이들면서는 자기연민에 자기합리화 때문에 너무 사람 피곤하게 하는 경우를 많이 당해서 그냥 반사적으로 피하고 싶음.안타깝긴 하지만 왜 s나 다른 유형들에게 미움 받는지 알 것 같음.오히려 성숙하고 적당히 시니컬하지만 속으로는 겉바속촉이고 지적인 얘기 잘 통하는 인티제 같은 유형이 더 끌림.물론 이 유형도 성숙하고 사회화돼서 너무 날카로운 가시는 없는 경우가 좋은 거 같음.걍 쓰고 보니까 특정 유형이 끌린다기보다 그냥 유형 상관없이 미성숙한 사람은 나이들면서 피하게 된다는 게 요지인 것 같기도 하다 ㅋㅋ어릴 때는 엔프제 정신에 선하게 살아야 한다는 사명감에 모두에게 희생해줬는데 많이 당하기도 했고, 또 누군가에겐 내 선의 자체가 그 자체로 선한 것도 아니고 그냥 오지랖이라고 말하는 사람들을 많이 겪다보니 이제 그냥 내가 할 수 있는만큼만 헌신하고 싶네"
"514",19314,"엔프제들아 너네는 다들 한번 헤어지면 절대 재회 안해?","재회로 검색하니까 다들 재회 절대 안한다는 말이 많네1년 정도 사겼고 헤어지고 한달 뒤에 딱 한번 잡아봤는데(그 뒤론 서로 연락x)자기는 절대로 한번 헤어진 사람 다시 안만난대마음이 남아 있건 없건, 헤어진 원인이 해결됐건 아니건한번 헤어졌으면 그 기억때문에 다시 만나도 힘들거라 생각해서 절대 재회 안한대...헤어질땐 맘이 다 식었다 그래놓고선 나중에 만나서 얘기해보니 그건 아닌것 같은데 어떤 심정인지 모르겠어본인 말로는 결혼까진 못할것 같다는 생각이 들어서 그랬다는데완전히 다 맞는 사람이 어딨어....내가 그렇게 부족했나 싶고그렇게 서로 좋아했는데 칼같이 끊어내려하니까 너무 답답해군 때문이면 이해하겠는데 막상 말로는 그것도 아니래새 사람이 생겨서 그런가 싶기도 하고....말이 너무 두서가 없긴 한데엔프제들아 혹시 재회 생각 없었는데 이래서 맘이 변했다라거나 상대가 이렇게 했으면 생각이 달라질 것 같다는 게 있으면 알려주라.... 부탁해ㅠㅠ"
"515",19315,"엔프제인데 진정한 친구 사귀기가 너무 힘들다","이렇게 괴롭고 힘들 때 이유를 속시원히 털어놓을 친구 한 명조차 없으니까이 사실 때문에 더 우울하고 힘드네발이 넓으면 뭐해.. 진심을 쉽게 꺼낼 친구가 한 명도 없어"
"516",19317,"아 같이 일하는 인팁 너무 좋아 어떡하지","영화보러가자하고 까이면 디져야겠다"
"517",19318,"나를 찐친으로 생각했던 ENFJ한테 고백했다가 차임","원래는 걔가 맨날 연락하고 그랬는데 이제는 하나도 안 하는데 "
"518",19319,"너무 행보캐","엔프제 남자친구가 되게 애지중지 해주는데 저번에는 내 몸 걱정해주면서 자기랑 노년까지 함께 해야 하니까 건강해야 한다고..물론 사람 일은 어떻게 될지 모르고 지금 당장의 감정이겠지만서도저렇게까지 날 생각해주고 좋아해준다는 게 너무 고맙규.. 행복하규..나도 남자친구 더 행복하게 만들어주고 싶어짐ㅠㅠ"
"519",19323,"나를 착하다고 종종 말해주지만","나는 내가 착하다고 생각 안함자아가 약해서 직접적이고 강력한 영향력의 선택을 기피할 뿐이지진짜 이타적이거나 헌신적인건 EXFJ 유형인듯"
"520",19324,"ENFJ 짝녀 이거 가능성 있긴 한거냐 ㅜ","ENFJ는 호감 있으면 절대 안헷갈리게 직진한담서.. 근데 요즘 계속 헷갈려서 이사람이 호감 있는게 아닌거같다는 생각이 드는 중이야동아리 사람인데 첨에 엠티에서 진실게임 하다가 서로 상대가 뭐 이성적으로 느껴진다, 소개팅 나갔는데 상대가 나왔으면 고백 받아줬을거같다 이런 얘기 해가지고 호감 확인했는데그뒤로 사실 따로 만날일이 없기도 했고 내 마음도 정리하느라 시간이 좀 흘렀거든근데 한 7월말부터 카톡은 자주 하고 (1주일에 보통 4~5일) 답장 텀도 빨라 웬만하면 10분 이내..? 그냥 밤늦게까지 술마시면 뭐 누구랑 마셨다, 소소한 일상얘기도 하고 그러는 상황이야 실제로 오프라인에서 보는건 동아리를 한학기 더 같이해서 둘이 따로 만나진 않지만 같이 운영진 하는 네다섯명이서 되게 자주 보고 있는..? 그래서 가끔 술자리 가질때나 어쩌다 둘만 있을때 이사람 리액션도 그렇고 은근히 팔이나 살짝 터치한다든가 스킨십도 그렇고 먼가 호감이 있나? 생각이 들다가도 다른 친구들이랑 얘기할때 소개팅 받을 의향 있냐? 하면 자기는 요즘 여유로워져서 완전 연애하고싶다, 좋은사람 있으면 소개좀 시켜줘라 이런 얘길 하는거 보고 아닌가 싶더라고나는 25 상대 22 성인되고나서 연애경험 없대그래서 서투른가 애써 좋게 해석하려고 하는데.. 그냥 내가 너무 좋아하고 간절해서 이러나 싶어서 요즘 넘 비참하당"
"521",19327,"자꾸 챙겨주다보면 좋아지는 경우도 있어요?","그냥 궁금해서요...!"
"522",19328,"이중에 어떤 식으로 말해주면 좋겠어?","뭔가 엔프제 너네가 부정적인 감정에 휩쓸려있고 그럴때깨뜨려주고 거기서 나오게 도와주고 싶은데어떤식으로 말해주는게 효과적일까?1. 지금 잘하고 있는거나 장점을 언급하며 칭찬해준다2. 앞으로의 긍정적인 일을 생각해보게 해준다3. 무조건 편들어주기 (사람사이의 일이라면 같이 욕해주기?)4. 부정적인 감정이 미칠 안좋은 영향을 알려주기이중에 뭐가 제일 좋겠어? 뭐는 싫어?그리고 진심 담아서 장문으로 메세지 보내는거 괜찮아??"
"523",19329,"엔프제들 원래 좋아하면 연락에 진심임?","진짜 매순간순간 보고하듯이 톡보내는데 "
"524",19330,"엔프제랑 잇팁은 진짜 상극같아 너무 안 맞아","잇팁이 누가봐도 나 좋아하는 거 티내서내가 먼저 들이대니까 그 뒤로 연락 잘 안 됨아니 내 착각이 아니라 걔가 나 좋아하는 걸 걔 친구한테도 들었고내 주변인물들도 걔가 나 좋아하는 거 알았음나 알고 먼저 플러팅 거니까갑자기 지 혼자 숨어버림 존나 답답해내가 본 유형중에 제일 별종이야 "
"525",19332,"진짜 친구가 없는건 아닌듯한데","뭔가 진짜 친구에 대한 환상이 좀 있는거가틈말하지안아도 알~ 아요~가튼게 진짜 친구 아닌가? 막 이런생각함 ㅋ"
"526",19333,"enfj 남자는... 진짜","그냥 답없다"
"527",19334,"엔프제남 속을 모르겠음","서로 좋아한다고 얘기하고좀 더 알아가자 했는데그 다음날부터 엔프제남 반응이 별로임전보다 못한 느낌그동안 내가 계속 당기니까 조금씩 당겨졌었는데마음 확인 후에도 내가 계속 당겼는데 반응이 안옴부담스러운건지 마음이 식은건지 다 잡은 물고기라고 생각하는건지 무슨 생각인지 진짜 모르겠음그만 당겨야겠지?엔프제남 신중한 타입에 회피형임감정표현 솔직하게 못하고 혼자 쌓는 타입존나 어렵다 나는 불도저타입 엣티제내가 안 당긴다고 멀어질 사람이면 애초에 당겨질 사람이 아니었던거겠지만ㅋㅋ"
"528",19335,"통제욕이 좀 강하긴 한듯","통제를 못할거 같은 환경이면 그냥 그 곳을 떠나버림..막무가내로 통제하려는건 없는데 계획적으로 어쨌든 내 밑에 들어와야함..쪼금 소오름"
"529",19337,"엔프제 혹시 실연 당하면 데미지 커..? 동굴 들어가거나","엔프제 나랑 썸타는 중에 계속 다른 여자들한테 여지 주고어장 치는걸 보고 들어서 내쪽에서 먼저 연락 끊고 답장 안했더니 지금 몇일째 아무랑도 톡 안하고 동굴로 들어갔대...살도 엄청 빠지고 얼굴 안좋다고 주변에서 걱정하고. 나랑 썸 탈땐 나 신경도 안쓰듯 쿨하게 대하고 다른 여자들한텐 다정하더니 진짜 뭐하는 얜지 헷갈린다 .. "
"530",19338,"회피형 엔프제에게 어떻게 다가가야해?","1. 알고 지낸건 1년 정도2. 회사 협력업체 직원 사이.3. 둘다 서른으로 동갑일단 지금까지 보여진 특징은 아래와 같아서 회피형이라고 추측중이야- 초반 3개월 가량 저녁도 하고, 선물도 주고 받고, 영화 같이 봤어- 속마음을 잘 얘기안해. 힘든거 티 안내- 어릴적 부모님이 나를 온전히 조건 없이 사랑해줄까? 하는 의문과 불안이 있었고 지금도 아주 없지는 않대- 대학생 때 주변 사람들한테 가스라이팅을 당한 뒤로 주변 사람들에게 곁을 잘 못준대- 카톡 프사, 인스타 프사 한번도 자기 사진 걸어본 적 없음- 굉장히 독립적이고 갈등을 피하려함- 4개월 정도 알고지냈을 때 내가 고백함. 상대가 많이 바빠지기도 했고 그 뒤로 연락텀이 점점 길어지고 만남도 뜸해짐 - 카톡하면 아주 늦게지만 답장은 와, 밥 같이 할래? 물으면 힘겹게 (한두달에 한번?) 잡히긴 함어떻게 다가가면 좋을까?"
"531",19339,"enfj는 바로 팍 꽂히는거 아니면 관심과 진심의 벽이 상당해","벽이 높다기 보단 이중삼중으로 되어 있음엔프제는 잘해주는게 디폴트인데 이게 진심이랑은 조금 다른 관심임그냥 모든 일에 다 관심을 가지고 있어서 그럼본인 엔프제인데 다른 엔프제를 볼 때 그런걸 조금 느껴짝남이 엔프제면 어렵긴 할듯"
"532",19340,"엔프제들 원래 친절하지않아??","만인에게 친절한걸로 알고 있는데 어느순간부터 츤츤대네... "
"533",19341,"enfj 들이 플러팅 관련해서 문제 안생기는 법","못생기면 됨그럼 그냥 착하단 말만 들음어캐 아냐고?시발 나도 모르고 싶다"
"534",19343,"Enfj가 따로보자고하면 이건 호감임??","카톡은 서로 일하니까 텀이 좀 긴데 enfj가 갑자기 이쪽으로 보러온다고 약속 잡으면 이건 호감임??"
"535",19344,"엔프제 남친이 친구 안보여주려는 심리?","엔프제 남친이랑 오늘 통화하는데친구가 커피숍하는데 거기 커피가 맛있다길래가봐야겠다 어디냐고 하니까 안알려준대그냥 커피마시러 혼자라도 가겠다고 하니까안된다는디 뭔 심리지?"
"536",19345,"군대앞두고 헤어졌는데","자기 부랄친구한테 진짜 좋아하는데 어쩔수없이 접었다그러고 취해서 전화해도 맨정신엔 절대 말안거는데 어찌할수 없는건가요? 붙잡으면 잡힐지 아니면 마음 단단히 먹은건지 모르겠어요"
"537",19347,"근데 어장이라는게 기준이 뭐야?","그냥 친해보인다고 어장친다고 생각하는건 아니지?수많은 여자들과 개인적으로 연락하고 만나고 지내는게 어장이라고 생각하는데인생이 그렇게 한가할수잇나"
"538",19349,"엔프제 중에","막 엄청 잘생기고 이쁜 사람 있음? 엔프제 살면서 딱 2번 봤는데 남자 한명은 디피 환호열 닮았고 여자 한명은 그냥 평범해서"
"539",19350,"나도 못생겨서 그런가 여자애들이랑 떠들고잇으면 주변에선 그냥 그런갑다함","잘생겼으면 저새끼 어장 존나치네 이랫을텐데.. ㅠ못생기니까 성격좋네~ 이딴소리나듣고 ㅆㅂ.."
"540",19351,"ENFJ랑 ESTJ랑 친구면 어떨거같애?","궁금해가지고!"
"541",19352,"너네는 인기 많냐는 질문에","뭐라고 대답하는 사람이 매력적이게 보일 것 같음?"
"542",19353,"ENFJ 짝녀랑 밥약 잡을라카는데","뭐라도 껀덕지 만들어서 잡기 (이런거 궁금한거 있어서 물어보구싶다~)Vs그냥 대뜸 밥먹자하기"
"543",19354,"내가 좋아하는 인팁 분도 나 좋아하게 해주세요","영화 같이 보자고 하게 해주세요"
"544",19355,"너넨 왜 이타적이냐","어케 그리 남일에 화낼수 있고 슬퍼할수 있고 남이 행복하면 너도 행복해할수 있는거냐…"
"545",19357,"엔프제녀 심리가 뭔지 궁금합니다..","서로 호감 가진 상태에서 내가 고백 > 만날 상황이 아니다라고 거절다시 재회 후 마음표시 > 만날 상황이 아니다라고 거절거의 한달이상 만나고 저런 관계인데…근데 기다려달래 나를 놓치고 싶지않고 자기가 정리할게 있다고…기다리는게 맞을까요?어떤심리인지도 도통 감을 못잡겠습니다. 싫으면 싫은거지 이게 어장인가요..?"
"546",19358,"엔프제남들은 살면서 몇번 고백받아봤어?",""
"547",19359,"놀리고 싶다는 의미","엔프제가 놀리고 싶다는건 호감이 크지?"
"548",19360,"고백 그거 어케받는건데","엔프제인데 모솔임 ㅅㅂ 말이되냐"
"549",19361,"Isfp랑 헤어짐… ㅎㅎ 근데 진짜 공감받고 싶어서 여기 오게 돼","헤어진 이유는 isfp 회피 못받아주겠고맨날 머리채잡고 새로운거 하러다니기도 지치고나도 뭔가 연인한테 만큼은 편하게 의지하고 싶단 생각이 들더라무엇보다 나는 사귀는 사이니까 isfp한테 어쨌든가장 큰 지지와 응원과 신뢰와 사랑을 주는데Isfp한테 나는 응원도 신뢰도 사랑도 못받는단 느낌이 들었어내가 얘기하는 모든 관심사에 시큰둥하고내 미래 계획 같은 거에도 전혀 관심 없고… 난 미래까지 생각해서 만난거였는데 그 생각이 드니까 더이상 이 isfp랑 미래가 안보이는 거 같아… ㅎㅎㅎ근데 겉으로보기에 무슨 일이있었느냐 하면 그건 아니기도하고사실상 연인이 헤어지는 이유가 아니긴 하니까내 주변친구들은 공감을 못해 ㅠㅠㅋㅋㅋㅋ근데 나도 징징대고 친구들한테 구구절절 이야기하기에는아무도 나를 이해 못하는거 같고..:: 그나마 여기가 날 이해해주는 것 같아서 여기까지 왓어…. ㅎㅎㅎ서로 더 잘맞았으면 좋았을텐데… 사람 자체는 참 좋은데 ㅠㅠ성향의 문제가 맞는 거 같아 슬프다"
"550",19364,"재워달라고 전화는 호감이 맞긴하냐?","하도 호의가 몸에 벤 타입이라 너무너무 헷갈리는데연락은 맨날하고.... 근데 그냥 친구로서 호의/호감이라고 생각하고 지냈는데 갑자기 새벽에 아무 용건없이 자장가 불러달라고 ㅋㅋ 전화 처음 했는데 이건 이성으로서의 호감으로 받아들여도 되는거냐"
"551",19365,"엔프제남은 다정하지 않음?","남친 엔프제인데 무뚝뚝하고딱히 내 방식의 사랑받는다는 느낌과 행동(애정표현, 사랑한다는말, 반가운 인사 등) 이 없음그냥 이런 케이스도 있는거겠지마음이 뜬걸까? 케바케겟지?초반에도 비슷하긴 했는데 답장 텀이 더 짧고 성의있었음그리고 좃또아닌걸로 기분 상하면 한참 삐져있고(난 비슷한상황도 다 넘어감)좀 자꾸 내 기분은 금방 풀리길 바라면서자기는 삐지면 기분 안좋은티 팍팍에 며칠간다 내가 항상 잘못한 사람 같음가스라이팅 당하는 기분 나만 매달리고 나쁜년같고원래그러냐"
"552",19366,"i 아니냐는 소리 듣는게 예전엔 좀 별로였는데","요새는 스펙트럼이 넓다는 얘기로 들려서 좋음기본적으로 중립적인 성향이고사람한테 무한정으로 에너지를 받을수가있는듯i랑 같이 조용히 있어도 즐겁고극e랑 춤추고 노래하는것도 즐겁고난 내가 너무 좋아 사랑스러워"
"553",19367,"숨이 턱턱막히면서 가슴이 먹먹해지는거","나 요즘 왜이런지는 모르겠는데 뭔가 감정이입하면 숨이 턱막히면서 가슴이 먹먹해짐서현역사건 동영상보다가 할머니잃은 할아버지가 자기 아내는 폐끼치는걸 가장싫어했어서 이 추모공간도 정리할거라고 하는거보고가슴이 먹먹해지면서 숨이 막힘 호흡곤란오짐... 같은 거 자주 느끼는사람 잇나??"
"554",19368,"Enfj남 선섹후사","님들 ㅠㅠ Enfj남이랑 만나서 잘 놀았는데 술이 문제였어...여튼 밥을 먹구 카페에서는 티키타카 잘하구 너랑 있으니 힐링이된다. 행복하다 ~~ 너랑나는 썸이아니다 썸을 지난 단계인 것 같다면서 엄청 플러팅하더라고....근데나 isfp는 난 이사람을 지난주토요일날 처음봤는데 내 어떤 걸 보고 그렇게말하지...? 싶었어ㅋㅋㅋㅋ여튼 너무 피곤한 나머지 술을 먹다 잠이들었는데 깨어보니 enfj남 집.................. 아니 난 엄청 취해있는데 관계를 하려고했다고..? 에서도 좀 그랬지만.. 여튼 일이 벌어졌으니 매꿀 순 없지ㅠㅠ선섹후사 정말 정말 반대하능 사람인데 그걸 해버렸네..mbti를 떠나서 이건 가망이 없는거겠지..? 최대한 가볍게가볍게 연락하려고 해..20대 후반인데 이런 일이 처음이라.. 당혹스럽넹 ..! 의견좀 주시와요아니 선섹후 (사) 일지 그냥 남남으로갈지 모르는 거기도 하니까?!"
"555",19370,"개어이없네","최근 ? 개봉한 영화를 심지어 몇주전부터 보러가자더니 딴년이랑 보러간거 떡하니 인스스에 올려놓음 ㅅ1발 ㅋㅋㅋㅋ뭐하자는거냐? 지키지 못할 약속을 왜하냐고 진짜 어디 말할데 없어서 올리지만 나 엔프제 진짜 좋아했는데 이제 못그러겠다 하도 데인게 많아서 ㅋㅋㅋ 너 J 아니었니?"
"556",19372,"엔프제들은 선물 받으면 무조건 갚아야 하는 스타일?","같이 알바하는 동생한테 생일선물 챙겨줬는데밥 사준다고 하던데 뭐임? 걍 카톡에 뜨고 오래 같이 일할 사이여서 챙겨준건데;;"
"557",19373,"썸남이 엔프제인데","썸남이 회피형 엔프제야서로 좋아하는 마음 확인했는데나의 어느 행동 때문에 기분이 안 좋아보여서 사과했었어(사실 내 입장에서는 이게 그럴 일인가 싶지만 그럴 수 있다고 생각하긴 해)썸남은 자기가 좋아하다가도 하나 뭐가 맘에 안들면자기 마음에 의심을 품는 타입이래그래도 내가 좋고 더 알아가고 싶다고 했거든근데 서로 마음 확인한 뒤로 반응이 안 좋아내가 적극적으로 표현하면 무시하고말투도 바뀌고애칭으로도 안 불러주고그러다가 프뮤를 <좋지만 우리는 함께할수없어~>이런 내용의 노래로 바꾸고연락을 읽씹했더라고문제는 프사가 여전히 나와 관련된 사진이야나랑 데이트하면서 찍은 선물 사진이고나도 똑같이 프사로 하고 있는 사진이야프사는 그대로라서나를 재고 있는건지 썸을 끝내고 싶은건지 모르겠어아무렇지 않게 하루이틀 뒤에 연락하면마이너스가 될까?너 왜 연락 안해? 이런거 말 안하고매일 아침마다 한 것처럼 출근 잘 했냐고 하는 정도로.."
"558",19374,"엔프제 고등학교 시절 질문이있는 인프피","본인은 인프피남인데 엔프제분께서 고등학생 시절이라면 고백했을거다 라고 말했던게 고백할정도의 사람이 어떤 모습이고 어떤거 때문에 좋은지 이해를 못해서 물어 볼려고 질문 올렸습니다. 강인한 리더형이신 분이라 남성분이든 여성분이든 엔프제님들한테 있어서 고백했을 정도의 사람들이라면 보통 어떤 모습의 사람인가요?"
"559",19375,"모든 관심의 중심인게 좋기도하고 싫기도하고","맘대로 화도 못내고 기분나쁜티도 못내고..남들이 화나있으면 그냥 그러려니인데 내가 화내면..애초에 화를 잘 안내서 그렇기도 하겠지만 분위기 진짜 조져서 화도 맘대로 못냄.."
"560",19376,"enfj한테 차이고 일주일만에 연락옴","썸 2주에 사귄건 한 3주 사겼고통보식으로 차이고 한번 매달렷는데 안잡힘그리고 연락안하고있었는데일주일만에 친구로 알아가면서 천천히 보고싶다고 연락옴뭔 심리일까?"
"561",19377,"나애니어 2w1 enfj-t","조아하는mbti : infp istp intp isfp별루안좋아하는mbti : entp estj좋아하는데 멀리하는 mbti : infj난 불건강이야ㅠ"
"562",19378,"상담좀","간단하게 씀엔프제여친이 토플 시험 이틀남아서 연락 못한다 선언인스타 부계정 갖고 놀다가 여친 인스타 검색해봄내 본계정에는 안보이는 스토리 올림이건 뭐냐?이해해줘야함?"
"563",19379,"일할때 카톡좀 보내지마라 제발","읽씹?  "
"564",19380,"이쁜 엔프제 있음?","존예 말고 그냥 이쁜 엔프제 "
"565",19381,"엔프제들아 자해흉터 보면 무슨 생각 들어?","좋아하는 사람 팔에 오래된 자해흔 보이면 무슨 생각 들것같아? 정 떨어져?"
"566",19383,"엔프제 남친...대체 무슨생각일까...ㅠㅠ","우선 장거리연애고 저번에 연락문제로 싸웠어서 헤어질뻔 했거든..(내잘못이었음)근데 내가 잡았고, 그때 나한테 호감이 많이 떨어졌었다 말했음그래서 한동안 나만 표현하는 카톡연락을 했어나만 질문하고, 나만 걱정하고, 나만 사랑표현했었고그동안 남친은 나한테 뭐하냐느니, 밤은 먹었냐느니 아프다 해도 괜찮다는 말을 단 한번도 못들었고...그래도 내가 잘못한게 있고 호감이 떨어졌다는 이야기를 미리 해줬으니까 이해했지근데 어제 어쩌다 남친이 연락집착하면 매력 떨어져 라는 이야기 하는걸 뒤에서 들었어...  연락문제로 싸웠을 때에는 오히려 집착해달라 했었는데 말이야...그래도 난 아직 남친이 좋으니깐 어제 아침에 보고싶다고 말했더니 계속 다른 이야기를 하길래 나 안보고싶어? 했더니 천천히... 라고 하더라고 그래도....밤에 한번더 또 보고싶다고 했는데남친은 술먹는다고 또 답장 회피했구....근데 오늘 알고보니 어제밤에 서울 올라와서 술먹었더라고..? 오늘 나한테 말했구.... 나도 기분이 너무 상해서 대충 톡 만 했는데 갑자기 보고싶다고 말하더라....ㅋㅋㅋㅋㅋㅋㅋㅋ뭐하냐고도 물어보고....밥먹었냐고 물어보고......진짜 오랜만에 듣는 질문이었음......이게 대체 뭘까 나도 전에 잘못한게 있어서 할말은 없지만......기분이 너무 좋지않아..... 마음이 싱숭생숭해.... 솔직히 어이가없고 슬퍼 아직 많이 좋아하는 나도 답답하고......뭘 어떻게 해야될까...... 몇시간 전부터 난 카톡 답장 안하는중....."
"567",19384,"보닌 찐친이라 생각하는 바운더리 친구들 mbti","IntpIntjIstj——————신기함 ㄷ ㄷ ㄷ ㄷ"
"568",19385,"근데 남 행복한걸 보면 왜 나도 같이 행복해지는 걸까??","논리적? 생물? 진화론적?? 으로 따지면그만큼 안정적인 상황에 놓여있다는 증거물이라서 그런걸까?"
"569",19386,"엔프제랑 소개팅 잡혔다 뭐해야하냐","점수딸만한거 추천좀전시회 ㄱㅊ....?"
